﻿<?xml version="1.0" encoding="utf-8"?>
<S100FC:S100_FC_FeatureCatalogue xmlns:S100FC="http://www.iho.int/S100FC" xmlns:S100Base="http://www.iho.int/S100Base" xmlns:S100CI="http://www.iho.int/S100CI" xmlns:xlink="http://www.w3.org/1999/xlink" xmlns:S100FD="http://www.iho.int/S100FD" xmlns:xsi="http://www.w3.org/2001/XMLSchema-instance" xsi:schemaLocation="http://www.iho.int/S100FC file:S100_SCHEMA_ROOT/S100/4.0.0/S100FC/20180611/S100FC.xsd">
	<S100FC:name>S-104</S100FC:name>
	<S100FC:scope>Water level data are intended to be used as stand-alone data or as a layer in an ENC.</S100FC:scope>
	<S100FC:fieldOfApplication>Marine navigation</S100FC:fieldOfApplication>
	<S100FC:versionNumber>1.0.0</S100FC:versionNumber>
	<S100FC:versionDate>2021-07-16</S100FC:versionDate>
	<S100FC:producer>
		<S100CI:role>owner</S100CI:role>
		<S100CI:party>
			<S100CI:CI_Organisation>
				<S100CI:name>International Hydrographic Organization</S100CI:name>
				<S100CI:contactInfo>
					<S100CI:phone>
						<S100CI:number>+377 93 10 81 00</S100CI:number>
						<S100CI:numberType>voice</S100CI:numberType>
					</S100CI:phone>
					<S100CI:address>
						<S100CI:administrativeArea>4b quai Antoine 1er</S100CI:administrativeArea>
						<S100CI:postalCode>B.P.445</S100CI:postalCode>
						<S100CI:country>MONACO</S100CI:country>
						<S100CI:electronicMailAddress>info@iho.int</S100CI:electronicMailAddress>
					</S100CI:address>
					<S100CI:hoursOfService>24h</S100CI:hoursOfService>
				</S100CI:contactInfo>
			</S100CI:CI_Organisation>
		</S100CI:party>
	</S100FC:producer>
	<S100FC:classification>unclassified</S100FC:classification>
	<S100FC:S100_FC_DefinitionSources>
		<S100FC:FC_DefinitionSource id="IHOREG">
			<S100FC:source>
				<S100CI:title>IHO GI Registry</S100CI:title>
				<S100CI:onlineResource>
					<S100CI:linkage>http://registry.iho.int/beta/fdd/list.do</S100CI:linkage>
				</S100CI:onlineResource>
			</S100FC:source>
		</S100FC:FC_DefinitionSource>
	</S100FC:S100_FC_DefinitionSources>
	<S100FC:S100_FC_SimpleAttributes>
		<S100FC:S100_FC_SimpleAttribute>
			<S100FC:name>Water Level Height</S100FC:name>
			<S100FC:definition>The height of a water surface relative to a vertical datum.</S100FC:definition>
			<S100FC:code>waterLevelHeight</S100FC:code>
			<S100FC:definitionReference>
				<S100FC:sourceIdentifier>910</S100FC:sourceIdentifier>
				<S100FC:definitionSource ref="IHOREG"/>
			</S100FC:definitionReference>
			<S100FC:valueType>real</S100FC:valueType>
			<S100FC:uom>
				<S100Base:name>metre</S100Base:name>
			<S100Base:definition>SI metre</S100Base:definition>
			<S100Base:symbol>m</S100Base:symbol>
			</S100FC:uom>
			<S100FC:quantitySpecification>length</S100FC:quantitySpecification>
			<S100FC:constraints>
				<S100FD:range>
					<S100Base:lowerBound>-99.99</S100Base:lowerBound>
					<S100Base:upperBound>99.99</S100Base:upperBound>
					<S100Base:closure>closedInterval</S100Base:closure>
				</S100FD:range>
				<S100FD:precision>2</S100FD:precision>
			</S100FC:constraints>
		</S100FC:S100_FC_SimpleAttribute>
		<S100FC:S100_FC_SimpleAttribute>
			<S100FC:name>Water Level Time</S100FC:name>
			<S100FC:definition>The time of the water level height, expressed in Date-time format as specified by ISO 8601.</S100FC:definition>
			<S100FC:code>waterLevelTime</S100FC:code>
			<S100FC:remarks>Unit: Years, months, days, hours, minutes, seconds; Resolution: 1 second; Format: YYYYMMDDTHHMMSSZ, where Y is year, M is month, D is day, H is hour, M is minute, and S is second; Example: 19850412T101530Z denotes 10 hours, 15 minutes, and 30 seconds on 12 April 1985.</S100FC:remarks>
			<S100FC:definitionReference>
				<S100FC:sourceIdentifier>313</S100FC:sourceIdentifier>
				<S100FC:definitionSource ref="IHOREG"/>
			</S100FC:definitionReference>
			<S100FC:valueType>dateTime</S100FC:valueType>
			<!-- Date range constraints cannot be expressed in the Edition 4.0.0 FC model -->
			<S100FC:constraints>
				<S100FD:textPattern>(((((19)|(20))\d{2})|(21([0-4]\d)))(1[0-2]|0[1-9])(3[01]|0[1-9]|[12][0-9])T(2[0-3]|[01][0-9]):?([0-5][0-9]):?([0-5][0-9])Z)|(21500101T000000Z)</S100FD:textPattern>
			</S100FC:constraints>
		</S100FC:S100_FC_SimpleAttribute>
		<S100FC:S100_FC_SimpleAttribute>
			<S100FC:name>Water Level Trend</S100FC:name>
			<S100FC:definition>The tendency of water level to change in a particular direction.</S100FC:definition>
			<S100FC:code>waterLevelTrend</S100FC:code>
			<S100FC:definitionReference>
				<S100FC:sourceIdentifier>378</S100FC:sourceIdentifier>
				<S100FC:definitionSource ref="IHOREG"/>
			</S100FC:definitionReference>
			<S100FC:valueType>enumeration</S100FC:valueType>
			<S100FC:listedValues>
				<S100FC:listedValue>
					<S100FC:label>Decreasing</S100FC:label>
					<S100FC:definition>Becoming smaller in magnitude.</S100FC:definition>
					<S100FC:code>1</S100FC:code>
			<S100FC:definitionReference>
				<S100FC:sourceIdentifier>1387</S100FC:sourceIdentifier>
				<S100FC:definitionSource ref="IHOREG"/>
			</S100FC:definitionReference>
				</S100FC:listedValue>
				<S100FC:listedValue>
					<S100FC:label>Increasing</S100FC:label>
					<S100FC:definition>Becoming larger in magnitude.</S100FC:definition>
					<S100FC:code>2</S100FC:code>
			<S100FC:definitionReference>
				<S100FC:sourceIdentifier>1388</S100FC:sourceIdentifier>
				<S100FC:definitionSource ref="IHOREG"/>
			</S100FC:definitionReference>
				</S100FC:listedValue>
				<S100FC:listedValue>
					<S100FC:label>Steady</S100FC:label>
					<S100FC:definition>Constant.</S100FC:definition>
					<S100FC:code>3</S100FC:code>
			<S100FC:definitionReference>
				<S100FC:sourceIdentifier>1389</S100FC:sourceIdentifier>
				<S100FC:definitionSource ref="IHOREG"/>
			</S100FC:definitionReference>
				</S100FC:listedValue>
			</S100FC:listedValues>
		</S100FC:S100_FC_SimpleAttribute>
	</S100FC:S100_FC_SimpleAttributes>
	<S100FC:S100_FC_FeatureTypes>
		<S100FC:S100_FC_FeatureType isAbstract="false">
			<S100FC:name>Water Level</S100FC:name>
			<S100FC:definition>The vertical position of a water surface.</S100FC:definition>
			<S100FC:code>WaterLevel</S100FC:code>
			<S100FC:definitionReference>
				<S100FC:sourceIdentifier>369</S100FC:sourceIdentifier>
				<S100FC:definitionSource ref="IHOREG"/>
			</S100FC:definitionReference>
			<S100FC:attributeBinding sequential="false">
				<S100FC:multiplicity>
					<S100Base:lower>1</S100Base:lower>
					<S100Base:upper xsi:nil="false" infinite="false">1</S100Base:upper>
				</S100FC:multiplicity>
				<S100FC:attribute ref="waterLevelHeight"/>
			</S100FC:attributeBinding>
			<S100FC:attributeBinding sequential="false">
				<S100FC:multiplicity>
					<S100Base:lower>1</S100Base:lower>
					<S100Base:upper xsi:nil="false" infinite="false">1</S100Base:upper>
				</S100FC:multiplicity>
				<S100FC:permittedValues>
					<S100FC:value>1</S100FC:value>
					<S100FC:value>2</S100FC:value>
					<S100FC:value>3</S100FC:value>
				</S100FC:permittedValues>
				<S100FC:attribute ref="waterLevelTrend"/>
			</S100FC:attributeBinding>
			<S100FC:attributeBinding sequential="false">
				<S100FC:multiplicity>
					<S100Base:lower>0</S100Base:lower>
					<S100Base:upper xsi:nil="false" infinite="false">1</S100Base:upper>
				</S100FC:multiplicity>
				<S100FC:attribute ref="waterLevelTime"/>
			</S100FC:attributeBinding>
			<S100FC:featureUseType>geographic</S100FC:featureUseType>
			<S100FC:permittedPrimitives>pointSet</S100FC:permittedPrimitives>
			<S100FC:permittedPrimitives>coverage</S100FC:permittedPrimitives>
		</S100FC:S100_FC_FeatureType>
	</S100FC:S100_FC_FeatureTypes>
</S100FC:S100_FC_FeatureCatalogue>
