<?xml version="1.0" encoding="UTF-8"?>
<CT_CodelistCatalogue xmlns="http://standards.iso.org/iso/19115/-3/cat/1.0" 
   xmlns:gco="http://standards.iso.org/iso/19115/-3/gco/1.0" xmlns:gml="http://www.opengis.net/gml/3.2" 
   xmlns:xlink="http://www.w3.org/1999/xlink" xmlns:gml32="http://www.opengis.net/gml/3.2" 
   xmlns:cat="http://standards.iso.org/iso/19115/-3/cat/1.0" 
   xmlns:xsi="http://www.w3.org/2001/XMLSchema-instance"
   xsi:schemaLocation="http://standards.iso.org/iso/19115/-3/cat/1.0 https://standards.iso.org/iso/19115/-3/cat/1.0/cat.xsd
   http://standards.iso.org/iso/19115/-3/gco/1.0 http://standards.iso.org/iso/19115/-3/gco/1.0/gco.xsd
   http://www.opengis.net/gml/3.2 http://standards.iso.org/ittf/PubliclyAvailableStandards/ISO_19136_Schemas/gml.xsd
   http://www.w3.org/1999/xlink http://www.w3.org/1999/xlink.xsd">
<!-- 
© Copyright 2019 (IHO)
Prepared under contract for NOAA (Original)

License (Draft)
Certain parts of this document refer to or are based on the standards, documents, schemas, or other material
of the International Organization for Standardization (ISO), Open Geospatial Consortium (OGC), International
Hydrographic Organization / Organisation Hydrographique Internationale (IHO/OHI).
The ISO material can be obtained from any ISO member and from the Web site of the ISO Central Secretariat
at www.iso.org.
The OGC material can be obtained from the OGC Web site at www.opengeospatial.org.
The IHO material can be obtained from the IHO Web site at www.iho.int or from the International Hydrographic
Bureau.

Permission to copy and distribute this document is hereby granted provided that this notice is retained
on all copies, and that IHO and NOAA are credited when the material is redistributed or used in
part or whole in derivative works.
Redistributions in binary form must reproduce this notice in the documentation and/or other materials
provided with the distribution.

Disclaimer
This work is provided by the copyright holders and contributors "as is" and any express or implied warranties,
including, but not limited to, the implied warranties of merchantability and fitness for a particular purpose
are disclaimed. In no event shall the copyright owner or contributors be liable for any direct, indirect,
incidental, special, exemplary, or consequential damages (including, but not limited to, procurement of substitute
goods or services; loss of use, data, or profits; or business interruption) however caused and on any theory of
liability, whether in contract, strict liability, or tort (including negligence or otherwise) arising in any way
out of the use of this software, even if advised of the possibility of such damage.

Document history:
Version 1.0.0 Build 20191231  Date: 2019-12-31	Prepared by: Raphael Malyankar (Portolan Sciences LLC) for NOAA.
 -->
   <!--
      This codelist catalog contains the dictionaries used by S-98 1.0.x
    -->
   <cat:name>
      <gco:CharacterString>S-98 Dictionaries</gco:CharacterString>
   </cat:name>
   <cat:scope>
      <gco:CharacterString>Dictionaries for S-98 open dictionary attributes.</gco:CharacterString>
   </cat:scope>
   <cat:fieldOfApplication>
      <gco:CharacterString>Dictionaries for S-98 1.0.x.</gco:CharacterString>
   </cat:fieldOfApplication>
   <cat:versionNumber>
      <gco:CharacterString>1.0.0</gco:CharacterString>
   </cat:versionNumber>
   <cat:versionDate>
      <gco:Date>2019-12-31</gco:Date>
   </cat:versionDate>
   <cat:codelistItem>
      <cat:CT_Codelist id="urn.mrn.iho.prod.s98.1.0.0.products">
         <cat:identifier>
            <gco:ScopedName codeSpace="http://www.iho.int/S98/1.0.0/products">urn:mrn:iho:prod:s98:1:0:0:products</gco:ScopedName>
         </cat:identifier>
         <cat:name>
            <gco:ScopedName codeSpace="http://www.iho.int/S98/1.0.0/products">S98_products</gco:ScopedName>
         </cat:name>
         <cat:definition>
            <gco:CharacterString>Covered products</gco:CharacterString>
         </cat:definition>
         <cat:description>
            <gco:CharacterString>List of data products covered by an S-98 interoperability catalogue.</gco:CharacterString>
         </cat:description>

         <cat:codeEntry>
            <cat:CT_CodelistValue id="s101">
               <cat:identifier>
                  <gco:ScopedName codeSpace="http://www.iho.int/S100/products">S-101</gco:ScopedName>
               </cat:identifier>
               <cat:name>
                  <gco:ScopedName codeSpace="http://www.iho.int/S100/products">S-101 ENC</gco:ScopedName>
               </cat:name>
               <cat:definition>
                  <gco:CharacterString>S-101 Electronic Navigation Charts</gco:CharacterString>
               </cat:definition>
               <description><gco:CharacterString>ENC data product</gco:CharacterString></description>
            </cat:CT_CodelistValue>
         </cat:codeEntry>

         <cat:codeEntry>
            <cat:CT_CodelistValue id="s102">
               <cat:identifier>
                  <gco:ScopedName codeSpace="http://www.iho.int/S100/products">S-102</gco:ScopedName>
               </cat:identifier>
               <cat:name>
                  <gco:ScopedName codeSpace="http://www.iho.int/S100/products">S-102</gco:ScopedName>
               </cat:name>
               <cat:definition>
                  <gco:CharacterString>S-102 Bathymetric Surface data product</gco:CharacterString>
               </cat:definition>
               <description><gco:CharacterString>Bathymetric Surface data product</gco:CharacterString></description>
            </cat:CT_CodelistValue>
         </cat:codeEntry>

         <cat:codeEntry>
            <cat:CT_CodelistValue id="s104">
               <cat:identifier>
                  <gco:ScopedName codeSpace="http://www.iho.int/S100/products">S-104</gco:ScopedName>
               </cat:identifier>
               <cat:name>
                  <gco:ScopedName codeSpace="http://www.iho.int/S100/products">S-104</gco:ScopedName>
               </cat:name>
               <cat:definition>
                  <gco:CharacterString>S-104 Water Level Information for Surface Navigation</gco:CharacterString>
               </cat:definition>
               <description><gco:CharacterString>Water Level Information for Surface Navigation data product</gco:CharacterString></description>
            </cat:CT_CodelistValue>
         </cat:codeEntry>

         <cat:codeEntry>
            <cat:CT_CodelistValue id="s111">
               <cat:identifier>
                  <gco:ScopedName codeSpace="http://www.iho.int/S100/products">S-111</gco:ScopedName>
               </cat:identifier>
               <cat:name>
                  <gco:ScopedName codeSpace="http://www.iho.int/S100/products">S-111</gco:ScopedName>
               </cat:name>
               <cat:definition>
                  <gco:CharacterString>S-111 Surface Currents</gco:CharacterString>
               </cat:definition>
               <description><gco:CharacterString>Surface Currents data product</gco:CharacterString></description>
            </cat:CT_CodelistValue>
         </cat:codeEntry>

         <cat:codeEntry>
            <cat:CT_CodelistValue id="s129">
               <cat:identifier>
                  <gco:ScopedName codeSpace="http://www.iho.int/S100/products">S-129</gco:ScopedName>
               </cat:identifier>
               <cat:name>
                  <gco:ScopedName codeSpace="http://www.iho.int/S100/products">S-129</gco:ScopedName>
               </cat:name>
               <cat:definition>
                  <gco:CharacterString>S-129 Under Keel Clearance Management</gco:CharacterString>
               </cat:definition>
               <description><gco:CharacterString>Under Keel Clearance Management data product</gco:CharacterString></description>
            </cat:CT_CodelistValue>
         </cat:codeEntry>

         <cat:codeEntry>
            <cat:CT_CodelistValue id="hybrid">
               <cat:identifier>
                  <gco:ScopedName codeSpace="http://www.iho.int/S98/products">HYBRID</gco:ScopedName>
               </cat:identifier>
               <cat:name>
                  <gco:ScopedName codeSpace="http://www.iho.int/S98/products">HYBRID</gco:ScopedName>
               </cat:name>
               <cat:definition>
                  <gco:CharacterString>Hybrid features created during interoperability processing.</gco:CharacterString>
               </cat:definition>
               <description><gco:CharacterString>Nominal product name defined in S-98 for use in Levels 3 and 4 interoperability.</gco:CharacterString></description>
            </cat:CT_CodelistValue>
         </cat:codeEntry>
      </cat:CT_Codelist>
   </cat:codelistItem>
</CT_CodelistCatalogue>
