<?xml version="1.0" encoding="UTF-8"?><?xml-stylesheet type='text/xsl' href='./CodelistDictionary-v32.xsl'?>
<Dictionary xmlns="http://www.opengis.net/gml/3.2" xmlns:gml="http://www.opengis.net/gml/3.2" xmlns:xsi="http://www.w3.org/2001/XMLSchema-instance" gml:id="SV_ParameterDirection" xsi:schemaLocation="http://www.opengis.net/gml/3.2 http://schemas.opengis.net/gml/3.2.1/gml.xsd">
  <description>type of coupling between service and associated data (if exists)</description>
  <identifier codeSpace="https://schemas.isotc211.org/19115/-3/srv/2.0">SV_CouplingType</identifier>
  <dictionaryEntry>
    <Definition gml:id="SV_CouplingType_loose">
      <description>service instance is loosely coupled with a data instance, i.e. no MD_DataIdentification class has to be described</description>
      <identifier codeSpace="https://schemas.isotc211.org/19115/-3/srv/2.0">loose</identifier>
    </Definition>
  </dictionaryEntry>
  <dictionaryEntry>
    <Definition gml:id="SV_CouplingType_mixed">
      <description>service instance is mixed coupled with a data instance, i.e. MD_DataIdentification describes the associated data instance and additionally the service instance might work with other external data instances</description>
      <identifier codeSpace="https://schemas.isotc211.org/19115/-3/srv/2.0">mixed</identifier>
    </Definition>
  </dictionaryEntry>
  <dictionaryEntry>
    <Definition gml:id="SV_CouplingType_tight">
      <description>service instance is tightly coupled with a data instance, i.e. MD_DataIdentification class MUST be described</description>
      <identifier codeSpace="https://schemas.isotc211.org/19115/-3/srv/2.0">tight</identifier>
    </Definition>
  </dictionaryEntry>
</Dictionary>
