<?xml version="1.0" encoding="UTF-8"?>
<!-- 
    Build 20191115 Updated for changes approved at S-100WG4 (See S-100WG4-4.6, 4.7, and 4.8) (2019-11-15)
-->
<portrayalCatalog xmlns:xsi="http://www.w3.org/2001/XMLSchema-instance" xsi:noNamespaceSchemaLocation="s100PortrayalCatalog.xsd" productId="" version="">
    <pixmaps>
        <pixmap id="1">
            <fileName>file://pixmaps/bla.xml</fileName>
            <fileType>Pixmap</fileType>
            <fileFormat>XML</fileFormat>
        </pixmap>
        <pixmap id="2">
            <fileName>file://pixmaps/blub.xml</fileName>
            <fileType>Pixmap</fileType>
            <fileFormat>XML</fileFormat>
        </pixmap>
    </pixmaps>
    <colorProfiles>
        <colorProfile id="day">
            <description>
                <name>Day</name>
                <description>The colour profile for the day color schema</description>
                <language>en</language>
            </description>
            <fileName>file://colorProfiles/day.xml</fileName>
            <fileType>ColorProfile</fileType>
            <fileFormat>XML</fileFormat>
        </colorProfile>
        <colorProfile id="dusk">
            <description>
                <name>Dusk</name>
                <description>The colour profile for the dusk color schema</description>
                <language>en</language>
            </description>
            <fileName>file://colorProfiles/dusk.xml</fileName>
            <fileType>ColorProfile</fileType>
            <fileFormat>XML</fileFormat>
        </colorProfile>
        <colorProfile id="night">
            <description>
                <name>Night</name>
                <description>The colour profile for the night color schema</description>
                <language>en</language>
            </description>
            <fileName>file://colorProfiles/night.xml</fileName>
            <fileType>ColorProfile</fileType>
            <fileFormat>XML</fileFormat>
        </colorProfile>
    </colorProfiles>
    <symbols>
        <symbol id="sym1">
            <fileName>file://symbols/sym1.svg</fileName>
            <fileType>Symbol</fileType>
            <fileFormat>SVG</fileFormat>
        </symbol>
        <symbol id="sym2">
            <fileName>file://symbols/sym2.svg</fileName>
            <fileType>Symbol</fileType>
            <fileFormat>SVG</fileFormat>
        </symbol>
    </symbols>
	<styleSheets>
        <styleSheet id="css1">
            <fileName>daySvgStyle.css</fileName>
            <fileType>StyleSheet</fileType>
            <fileFormat>XML</fileFormat>
        </styleSheet>
	</styleSheets>
    <lineStyles>
        <lineStyle id="42">
            <fileName>file://lineStyles/solid.xml</fileName>
            <fileType>LineStyle</fileType>
            <fileFormat>XML</fileFormat>
        </lineStyle>
    </lineStyles>
    <areaFills/>
    <fonts/>
    <viewingGroups>
        <viewingGroup id="11009"/>
        <viewingGroup id="17004"/>
        <viewingGroup id="22334"/>
        <viewingGroup id="24111"/>
        <viewingGroup id="27000"/>
        <viewingGroup id="27001"/>
        <viewingGroup id="37000"/>
        <viewingGroup id="37001"/>
    </viewingGroups>
    <foundationMode>
        <viewingGroup>11009</viewingGroup>
        <viewingGroup>17004</viewingGroup>
    </foundationMode>
    <viewingGroupLayers>
        <viewingGroupLayer id="a">
            <viewingGroup>22334</viewingGroup>
            <viewingGroup>24111</viewingGroup>
        </viewingGroupLayer>
        <viewingGroupLayer id="b">
            <viewingGroup>27000</viewingGroup>
            <viewingGroup>27001</viewingGroup>
        </viewingGroupLayer>
        <viewingGroupLayer id="c">
            <viewingGroup>37000</viewingGroup>
            <viewingGroup>37001</viewingGroup>
        </viewingGroupLayer>
    </viewingGroupLayers>
    <displayModes>
        <displayMode id="1">
            <description>
                <name>Standard</name>
                <description>The standard display</description>
                <language>en</language>
            </description>       
            <viewingGroupLayer>a</viewingGroupLayer>
            <viewingGroupLayer>b</viewingGroupLayer>
        </displayMode>
    </displayModes>
    <displayPlane>
        <displayPlane id="U">
            <description>
                <name>Under Radar</name>
                <description></description>
                <language>en</language>
            </description>
            <description>
                <name>Unter Radar</name>
                <description></description>
                <language>de</language>
            </description>           
        </displayPlane>
            <displayPlane id="O">
                <description>
                    <name>Over Radar</name>
                    <description></description>
                    <language>en</language>
                </description>             
                <description>
                    <name>Über Radar</name>
                    <description></description>
                    <language>de</language>
                </description>             
            </displayPlane>
    </displayPlane>
    <context>
        <parameter id="safetyDepth">
            <type>Double</type>
            <default>5.0</default>
        </parameter>
        <parameter id="safetyContour">
            <type>Double</type>
            <default>5.0</default>
        </parameter>
    </context>
    <rules>
        <ruleFile id="1">
            <fileName>file://rules/main.xsl</fileName>
            <fileType>Rule</fileType>
            <fileFormat>XSLT</fileFormat>
            <ruleType>TopLevelTemplate</ruleType>
        </ruleFile>
        <ruleFile id="2">
            <fileName>file://rules/depare.xslt</fileName>
            <fileType>Rule</fileType>
            <fileFormat>XSLT</fileFormat>
            <ruleType>SubTemplate</ruleType>
        </ruleFile>
        
    </rules>
</portrayalCatalog>
