<?xml-stylesheet type='text/xsl' href='./CodelistDictionary-v32.xsl'?><Dictionary xmlns="http://www.opengis.net/gml/3.2" xmlns:gml="http://www.opengis.net/gml/3.2" xmlns:xsi="http://www.w3.org/2001/XMLSchema-instance" gml:id="RE_DecisionStatus" xsi:schemaLocation="http://www.opengis.net/gml/3.2 http://schemas.opengis.net/gml/3.2.1/gml.xsd">
  <description>&lt;UsedBy&gt;&#13;
&lt;NameSpace&gt;ISO 19135 Procedures for registration&lt;/NameSpace&gt;&#13;
&lt;Class&gt;RE_ProposalManagementInformation&lt;/Class&gt;&#13;
&lt;Attribute&gt;status&lt;/Attribute&gt;&#13;
&lt;Type&gt;RE_DecisionStatus&lt;/Type&gt;&#13;
&lt;UsedBy&gt;</description>
  <identifier codeSpace="https://schemas.isotc211.org/19135/-2/reg/1.0">RE_DecisionStatus</identifier>
  <dictionaryEntry>
    <Definition gml:id="_9338_12313">
      <description>
      </description>
      <identifier codeSpace="https://schemas.isotc211.org/19135/-2/reg/1.0">pending</identifier>
    </Definition>
  </dictionaryEntry>
  <dictionaryEntry>
    <Definition gml:id="_9338_12314">
      <description>
      </description>
      <identifier codeSpace="https://schemas.isotc211.org/19135/-2/reg/1.0">tentative</identifier>
    </Definition>
  </dictionaryEntry>
  <dictionaryEntry>
    <Definition gml:id="_9338_12315">
      <description>
      </description>
      <identifier codeSpace="https://schemas.isotc211.org/19135/-2/reg/1.0">final</identifier>
    </Definition>
  </dictionaryEntry>
</Dictionary>
