<?xml version="1.0" encoding="UTF-8"?>
<CT_CodelistCatalogue xmlns="http://standards.iso.org/iso/19115/-3/cat/1.0" 
   xmlns:gco="http://standards.iso.org/iso/19115/-3/gco/1.0" xmlns:gml="http://www.opengis.net/gml/3.2" 
   xmlns:xlink="http://www.w3.org/1999/xlink" xmlns:gml32="http://www.opengis.net/gml/3.2" 
   xmlns:cat="http://standards.iso.org/iso/19115/-3/cat/1.0" 
   xmlns:xsi="http://www.w3.org/2001/XMLSchema-instance"
   xsi:schemaLocation="http://standards.iso.org/iso/19115/-3/cat/1.0 https://standards.iso.org/iso/19115/-3/cat/1.0/cat.xsd
   http://standards.iso.org/iso/19115/-3/gco/1.0 http://standards.iso.org/iso/19115/-3/gco/1.0/gco.xsd
   http://www.opengis.net/gml/3.2 http://standards.iso.org/ittf/PubliclyAvailableStandards/ISO_19136_Schemas/gml.xsd
   http://www.w3.org/1999/xlink http://www.w3.org/1999/xlink.xsd">
<!-- 
© Copyright 2021
Prepared under contract for NOAA (Original)

License (Draft)
Certain parts of this document refer to or are based on the standards, documents, schemas, or other material
of the International Organization for Standardization (ISO), Open Geospatial Consortium (OGC), International
Hydrographic Organization / Organisation Hydrographique Internationale (IHO/OHI).
The ISO material can be obtained from any ISO member and from the Web site of the ISO Central Secretariat
at www.iso.org.
The OGC material can be obtained from the OGC Web site at www.opengeospatial.org.
The IHO material can be obtained from the IHO Web site at www.iho.int or from the International Hydrographic
Bureau.

Permission to copy and distribute this document is hereby granted provided that this notice is retained
on all copies, and that IHO and NOAA are credited when the material is redistributed or used in
part or whole in derivative works.
Redistributions in binary form must reproduce this notice in the documentation and/or other materials
provided with the distribution.

Disclaimer
This work is provided by the copyright holders and contributors "as is" and any express or implied warranties,
including, but not limited to, the implied warranties of merchantability and fitness for a particular purpose
are disclaimed. In no event shall the copyright owner or contributors be liable for any direct, indirect,
incidental, special, exemplary, or consequential damages (including, but not limited to, procurement of substitute
goods or services; loss of use, data, or profits; or business interruption) however caused and on any theory of
liability, whether in contract, strict liability, or tort (including negligence or otherwise) arising in any way
out of the use of this software, even if advised of the possibility of such damage.

Document history:
Version 1.0.0 Build 20210630	Prepared by: Raphael Malyankar (Portolan Sciences LLC) for NOAA.
 -->
   <!--
      This codelist catalog contains only S-104 specific codelists.
    -->
   <cat:name>
      <gco:CharacterString>S-104 Metadata Codelists</gco:CharacterString>
   </cat:name>
   <cat:scope>
      <gco:CharacterString>Codelists for S-104 (Water Level Information) metadata.</gco:CharacterString>
   </cat:scope>
   <cat:fieldOfApplication>
      <gco:CharacterString>Codelists defined for use in S-104 metadata</gco:CharacterString>
   </cat:fieldOfApplication>
   <cat:versionNumber>
      <gco:CharacterString>1.0.0</gco:CharacterString>
   </cat:versionNumber>
   <cat:versionDate>
      <gco:Date>2021-06-30</gco:Date>
   </cat:versionDate>
   

<cat:codelistItem>
      <cat:CT_Codelist id="S104_MD_TypeOfWaterLevelData">
         <cat:identifier>
            <gco:ScopedName codeSpace="http://www.iho.int/S104/1.0.0/md/1.0">S104_MD_TypeOfWaterLevelData</gco:ScopedName>
         </cat:identifier>
         <cat:name>
            <gco:ScopedName codeSpace="http://www.iho.int/S104/1.0.0/md/1.0">S104_MD_TypeOfWaterLevelData</gco:ScopedName>
         </cat:name>
         <cat:definition>
            <gco:CharacterString>Type of water level data</gco:CharacterString>
         </cat:definition>
         <cat:description>
            <gco:CharacterString>Type of water level data</gco:CharacterString>
         </cat:description>
         <cat:codeEntry>
            <cat:CT_CodelistValue id="S104_MD_TypeOfWaterLevelData_observation">
               <cat:identifier>
                  <gco:ScopedName codeSpace="#S104_MD_TypeOfWaterLevelData">observation</gco:ScopedName>
               </cat:identifier>
               <cat:name>
                  <gco:ScopedName codeSpace="#S104_MD_TypeOfWaterLevelData">observation</gco:ScopedName>
               </cat:name>
               <cat:name>
                  <gco:ScopedName codeSpace="#S104_MD_TypeOfWaterLevelData/numCode">1</gco:ScopedName>
               </cat:name>
               <cat:definition>
                  <gco:CharacterString>Observation</gco:CharacterString>
               </cat:definition>
               <description><gco:CharacterString>Values from in-situ sensor(s); may be quality controlled and stored after collection</gco:CharacterString></description>
            </cat:CT_CodelistValue>
         </cat:codeEntry>
         <cat:codeEntry>
            <cat:CT_CodelistValue id="S104_MD_TypeOfWaterLevelData_astronomicalPrediction">
               <cat:identifier>
                  <gco:ScopedName codeSpace="#S104_MD_TypeOfWaterLevelData">astronomicalPrediction</gco:ScopedName>
               </cat:identifier>
               <cat:name>
                  <gco:ScopedName codeSpace="#S104_MD_TypeOfWaterLevelData">astronomicalPrediction</gco:ScopedName>
               </cat:name>
               <cat:name>
                  <gco:ScopedName codeSpace="#S104_MD_TypeOfWaterLevelData/numCode">2</gco:ScopedName>
               </cat:name>
               <cat:definition>
                  <gco:CharacterString>Astronomical prediction</gco:CharacterString>
               </cat:definition>
               <description><gco:CharacterString>Values computed using harmonic constants only</gco:CharacterString></description>
            </cat:CT_CodelistValue>
         </cat:codeEntry>
         <cat:codeEntry>
            <cat:CT_CodelistValue id="S104_MD_TypeOfWaterLevelData_analysisOrHybrid">
               <cat:identifier>
                  <gco:ScopedName codeSpace="#S104_MD_TypeOfWaterLevelData">analysisOrHybrid</gco:ScopedName>
               </cat:identifier>
               <cat:name>
                  <gco:ScopedName codeSpace="#S104_MD_TypeOfWaterLevelData">analysisOrHybrid</gco:ScopedName>
               </cat:name>
               <cat:name>
                  <gco:ScopedName codeSpace="#S104_MD_TypeOfWaterLevelData/numCode">3</gco:ScopedName>
               </cat:name>
               <cat:definition>
                  <gco:CharacterString>Analysis or hybrid</gco:CharacterString>
               </cat:definition>
               <description><gco:CharacterString>Values calculated by statistical or other indirect methods, or a combination of methods</gco:CharacterString></description>
            </cat:CT_CodelistValue>
         </cat:codeEntry>
         <cat:codeEntry>
            <cat:CT_CodelistValue id="S104_MD_TypeOfWaterLevelData_hydrodynamicHindcast">
               <cat:identifier>
                  <gco:ScopedName codeSpace="#S104_MD_TypeOfWaterLevelData">hydrodynamicHindcast</gco:ScopedName>
               </cat:identifier>
               <cat:name>
                  <gco:ScopedName codeSpace="#S104_MD_TypeOfWaterLevelData">hydrodynamicHindcast</gco:ScopedName>
               </cat:name>
               <cat:name>
                  <gco:ScopedName codeSpace="#S104_MD_TypeOfWaterLevelData/numCode">4</gco:ScopedName>
               </cat:name>
               <cat:definition>
                  <gco:CharacterString>Hydrodynamic hindcast</gco:CharacterString>
               </cat:definition>
               <description><gco:CharacterString>Values calculated from a two- or three-dimensional dynamic simulation of past conditions using only observed data for boundary forcing, via statistical method or combination</gco:CharacterString></description>
            </cat:CT_CodelistValue>
         </cat:codeEntry>
         <cat:codeEntry>
            <cat:CT_CodelistValue id="S104_MD_TypeOfWaterLevelData_hydrodynamicForecast">
               <cat:identifier>
                  <gco:ScopedName codeSpace="#S104_MD_TypeOfWaterLevelData">hydrodynamicForecast</gco:ScopedName>
               </cat:identifier>
               <cat:name>
                  <gco:ScopedName codeSpace="#S104_MD_TypeOfWaterLevelData">hydrodynamicForecast</gco:ScopedName>
               </cat:name>
               <cat:name>
                  <gco:ScopedName codeSpace="#S104_MD_TypeOfWaterLevelData/numCode">5</gco:ScopedName>
               </cat:name>
               <cat:definition>
                  <gco:CharacterString>Hydrodynamic forecast</gco:CharacterString>
               </cat:definition>
               <description><gco:CharacterString>Values calculated from a two- or three-dimensional dynamic simulation of future conditions using predicted data for boundary forcing, via statistical method or combination</gco:CharacterString></description>
            </cat:CT_CodelistValue>
         </cat:codeEntry>
         <cat:codeEntry>
            <cat:CT_CodelistValue id="S104_MD_TypeOfWaterLevelData_observedMinusPredicted">
               <cat:identifier>
                  <gco:ScopedName codeSpace="#S104_MD_TypeOfWaterLevelData">observedMinusPredicted</gco:ScopedName>
               </cat:identifier>
               <cat:name>
                  <gco:ScopedName codeSpace="#S104_MD_TypeOfWaterLevelData">observedMinusPredicted</gco:ScopedName>
               </cat:name>
               <cat:name>
                  <gco:ScopedName codeSpace="#S104_MD_TypeOfWaterLevelData/numCode">6</gco:ScopedName>
               </cat:name>
               <cat:definition>
                  <gco:CharacterString>Observed minus Predicted</gco:CharacterString>
               </cat:definition>
               <description><gco:CharacterString>Values computed as observed minus predicted values</gco:CharacterString></description>
            </cat:CT_CodelistValue>
         </cat:codeEntry>
         <cat:codeEntry>
            <cat:CT_CodelistValue id="S104_MD_TypeOfWaterLevelData_observedMinusAnalysis">
               <cat:identifier>
                  <gco:ScopedName codeSpace="#S104_MD_TypeOfWaterLevelData">observedMinusAnalysis</gco:ScopedName>
               </cat:identifier>
               <cat:name>
                  <gco:ScopedName codeSpace="#S104_MD_TypeOfWaterLevelData">observedMinusAnalysis</gco:ScopedName>
               </cat:name>
               <cat:name>
                  <gco:ScopedName codeSpace="#S104_MD_TypeOfWaterLevelData/numCode">7</gco:ScopedName>
               </cat:name>
               <cat:definition>
                  <gco:CharacterString>Observed minus Analysis</gco:CharacterString>
               </cat:definition>
               <description><gco:CharacterString>Values computed as observed minus analysis values</gco:CharacterString></description>
            </cat:CT_CodelistValue>
         </cat:codeEntry>
         <cat:codeEntry>
            <cat:CT_CodelistValue id="S104_MD_TypeOfWaterLevelData_observedMinusHindcast">
               <cat:identifier>
                  <gco:ScopedName codeSpace="#S104_MD_TypeOfWaterLevelData">observedMinusHindcast</gco:ScopedName>
               </cat:identifier>
               <cat:name>
                  <gco:ScopedName codeSpace="#S104_MD_TypeOfWaterLevelData">observedMinusHindcast</gco:ScopedName>
               </cat:name>
               <cat:name>
                  <gco:ScopedName codeSpace="#S104_MD_TypeOfWaterLevelData/numCode">8</gco:ScopedName>
               </cat:name>
               <cat:definition>
                  <gco:CharacterString>Observed minus Hindcast</gco:CharacterString>
               </cat:definition>
               <description><gco:CharacterString>Values computed as observed minus hindcast values</gco:CharacterString></description>
            </cat:CT_CodelistValue>
         </cat:codeEntry>
         <cat:codeEntry>
            <cat:CT_CodelistValue id="S104_MD_TypeOfWaterLevelData_observedMinusForecast">
               <cat:identifier>
                  <gco:ScopedName codeSpace="#S104_MD_TypeOfWaterLevelData">observedMinusForecast</gco:ScopedName>
               </cat:identifier>
               <cat:name>
                  <gco:ScopedName codeSpace="#S104_MD_TypeOfWaterLevelData">observedMinusForecast</gco:ScopedName>
               </cat:name>
               <cat:name>
                  <gco:ScopedName codeSpace="#S104_MD_TypeOfWaterLevelData/numCode">9</gco:ScopedName>
               </cat:name>
               <cat:definition>
                  <gco:CharacterString>Observed minus Forecast</gco:CharacterString>
               </cat:definition>
               <description><gco:CharacterString>Values computed as observed minus forecast values</gco:CharacterString></description>
            </cat:CT_CodelistValue>
         </cat:codeEntry>
         <cat:codeEntry>
            <cat:CT_CodelistValue id="S104_MD_TypeOfWaterLevelData_forecastMinusPredicted">
               <cat:identifier>
                  <gco:ScopedName codeSpace="#S104_MD_TypeOfWaterLevelData">forecastMinusPredicted</gco:ScopedName>
               </cat:identifier>
               <cat:name>
                  <gco:ScopedName codeSpace="#S104_MD_TypeOfWaterLevelData">forecastMinusPredicted</gco:ScopedName>
               </cat:name>
               <cat:name>
                  <gco:ScopedName codeSpace="#S104_MD_TypeOfWaterLevelData/numCode">10</gco:ScopedName>
               </cat:name>
               <cat:definition>
                  <gco:CharacterString>Forecast minus Predicted</gco:CharacterString>
               </cat:definition>
               <description><gco:CharacterString>Values computed as forecast minus predicted values</gco:CharacterString></description>
            </cat:CT_CodelistValue>
         </cat:codeEntry>
      </cat:CT_Codelist>
   </cat:codelistItem>
</CT_CodelistCatalogue>
