<?xml version="1.0" encoding="UTF-8"?>
<?xml-model href="https://schemas.s100dev.net/schemas/S100/5.0.0/S100Catalog/20220331/S100_XC.sch" type="application/xml" schematypens="http://purl.oclc.org/dsdl/schematron"?>
<!-- Raphael Malyankar April 11 2022
    Catalog example
 -->
<!-- 
    NOTE: (1) schema locations in the xml-model and xsi:schemaLocation must be updated to the proper locations in the local installation.
    (2) In case of errors referencing the ISO schemas, see the note on the S-100 WG Github site about XML catalogs.
 -->
<XC:S100_ExchangeCatalogue
    xmlns:xsi="http://www.w3.org/2001/XMLSchema-instance"
    xmlns:gml="http://www.opengis.net/gml/3.2"
    xmlns:xlink="http://www.w3.org/1999/xlink"
    xmlns:cit="http://standards.iso.org/iso/19115/-3/cit/2.0"
    xmlns:gco="http://standards.iso.org/iso/19115/-3/gco/1.0"
    xmlns:gcx="http://standards.iso.org/iso/19115/-3/gcx/1.0"
    xmlns:mco="http://standards.iso.org/iso/19115/-3/mco/1.0"
    xmlns:mri="http://standards.iso.org/iso/19115/-3/mri/1.0"
    xmlns:gex="http://standards.iso.org/iso/19115/-3/gex/1.0"
    xmlns:lan="http://standards.iso.org/iso/19115/-3/lan/1.0"
    xmlns:XC="http://www.iho.int/s100/xc/5.0"
    xmlns:S100SE="http://www.iho.int/s100/se/5.0"
    xmlns:mmi="http://standards.iso.org/iso/19115/-3/mmi/1.0"
    xsi:schemaLocation="http://www.iho.int/s100/xc/5.0      https://schemas.s100dev.net/schemas/S100/5.0.0/S100Catalog/20220331/S100_ExchangeCatalogue.xsd">
    <XC:identifier>
        <XC:identifier>abdc1234-1234-5678-abcd-123456abcdef</XC:identifier>
        <XC:dateTime>2018-10-16T00:00:00Z</XC:dateTime>
    </XC:identifier>
    <XC:contact>
        <XC:organization><gco:CharacterString>UKHO</gco:CharacterString></XC:organization>
    </XC:contact>
    <XC:productSpecification>
        <XC:name>S-101</XC:name>
        <XC:version>1.0</XC:version>
        <XC:date>2019-12-31</XC:date>
        <XC:productIdentifier>S-101</XC:productIdentifier>
        <XC:number>999</XC:number>
        <XC:compliancyCategory>category4</XC:compliancyCategory>
    </XC:productSpecification>
    <XC:defaultLocale><lan:PT_Locale>
        <lan:language><lan:LanguageCode codeList="http://www.iho.int/S100/5.0.0/resources/Codelists/cat/codelists.xml#S100_MD_LanguageCode" codeListValue="eng">The language of Milton and Shakespeare</lan:LanguageCode></lan:language>
        <lan:characterEncoding><lan:MD_CharacterSetCode codeList="http://www.iho.int/S100/5.0.0/resources/Codelists/cat/codelists.xml#S100_MD_CharacterSetCode" codeListValue="UTF-8">UTF-8</lan:MD_CharacterSetCode></lan:characterEncoding>
    </lan:PT_Locale></XC:defaultLocale>
    <XC:otherLocale><lan:PT_Locale>
        <lan:language><lan:LanguageCode codeList="http://www.iho.int/S100/5.0.0/resources/Codelists/cat/codelists.xml#S100_MD_LanguageCode" codeListValue="fra">The language of Molière and Dumas père</lan:LanguageCode></lan:language>
        <lan:characterEncoding><lan:MD_CharacterSetCode codeList="http://www.iho.int/S100/5.0.0/resources/Codelists/cat/codelists.xml#S100_MD_CharacterSetCode" codeListValue="UTF-8">UTF-8</lan:MD_CharacterSetCode></lan:characterEncoding>
    </lan:PT_Locale></XC:otherLocale>
       
    <XC:exchangeCatalogueDescription xsi:type="lan:PT_FreeText_PropertyType">
        <gco:CharacterString></gco:CharacterString>
        <lan:PT_FreeText>
            <lan:textGroup><lan:LocalisedCharacterString locale="#fre">Catalogue d'échange d'échantillons pour S-101 1.0.0. Notez que le deuxième bloc de découverte de fichiers de prise en charge omet intentionnellement la date de spécification et la valeur de signature numérique pour illustrer les avertissements générés par les vérifications Schematron dans les fichiers S100_XC et S101_XC Schematron.</lan:LocalisedCharacterString></lan:textGroup>
        </lan:PT_FreeText>
    </XC:exchangeCatalogueDescription>

    <XC:exchangeCatalogueComment><gco:CharacterString>This is a hypothetical example to show the structure of the exchange catalogue.</gco:CharacterString></XC:exchangeCatalogueComment>

    <XC:certificates>
        <S100SE:schemeAdministrator id="root"/>
        <S100SE:certificate id="iic" issuer="ic-enc">
            ZGVmYXVsdA==
        </S100SE:certificate>
        <S100SE:certificate id="primar" issuer="root">
            ZGVmYXVsdA==
        </S100SE:certificate>
        <S100SE:certificate id="ic-enc" issuer="root">
            ZGVmYXVsdA==
        </S100SE:certificate>
        <S100SE:certificate id="UK" issuer="root">
            ZGVmYXVsdA==
        </S100SE:certificate>
        <S100SE:certificate id="US00" issuer="root">
            ZGVmYXVsdA==
        </S100SE:certificate>
    </XC:certificates>
    
    <XC:dataServerIdentifier>IHO</XC:dataServerIdentifier>
    <XC:datasetDiscoveryMetadata>
        <XC:S100_DatasetDiscoveryMetadata>
            <XC:fileName>file:/S-101/DATASET_FILES/101GB002390820.000</XC:fileName>
            <XC:description><gco:CharacterString>Dataset 1</gco:CharacterString></XC:description>
            <XC:compressionFlag>false</XC:compressionFlag>
            <XC:dataProtection>false</XC:dataProtection>

            <XC:digitalSignatureReference>ECDSA</XC:digitalSignatureReference>
            <XC:digitalSignatureValue id="sig1" certificateRef="UKHO">302C021433796C6647CC1C55A67DC72FA7C6E157A6594B2B02145D3768B44F3A6ABA11A77178B738AD3B6A0DE344</XC:digitalSignatureValue>
            <XC:copyright>true</XC:copyright>
            <XC:classification gco:isoType="mco:MD_ClassificationCode">
                <mco:MD_ClassificationCode codeList="http://standards.iso.org/iso/19115/resources/Codelists/cat/codelists.xml#MD_ClassificationCode" codeListValue="unclassified">unclassified</mco:MD_ClassificationCode>
            </XC:classification>
            <XC:purpose>newDataset</XC:purpose>
            <XC:notForNavigation>true</XC:notForNavigation>
            <XC:specificUsage>
                <mri:MD_Usage>
                    <mri:specificUsage>
                        <gco:CharacterString>general</gco:CharacterString>
                    </mri:specificUsage>
                </mri:MD_Usage>
            </XC:specificUsage>
            <XC:editionNumber>1</XC:editionNumber>
            <XC:updateNumber>0</XC:updateNumber>
            <XC:updateApplicationDate>2018-04-15</XC:updateApplicationDate>
            <XC:issueDate>2018-04-15</XC:issueDate>
            <XC:boundingBox gco:isoType="gmd:EX_GeographicBoundingBox">
                <gex:westBoundLongitude><gco:Decimal>55.0</gco:Decimal></gex:westBoundLongitude>
                <gex:eastBoundLongitude><gco:Decimal>71.0</gco:Decimal></gex:eastBoundLongitude>
                <gex:southBoundLatitude><gco:Decimal>-30.0</gco:Decimal></gex:southBoundLatitude>
                <gex:northBoundLatitude><gco:Decimal>-22.0</gco:Decimal></gex:northBoundLatitude>
            </XC:boundingBox>
            <XC:temporalExtent>
                <XC:timeInstantEnd>2023-04-14T24:00:00Z</XC:timeInstantEnd>
            </XC:temporalExtent>
            <XC:productSpecification>
                <XC:productIdentifier>S-101</XC:productIdentifier>
                <XC:number>999</XC:number>
                <XC:compliancyCategory>category4</XC:compliancyCategory>
            </XC:productSpecification>
            <XC:producingAgency>
                <cit:CI_Responsibility>
                    <cit:role>
                        <cit:CI_RoleCode codeList="http://standards.iso.org/iso/19115/resources/Codelists/cat/codelists.xml#CI_RoleCode" codeListValue="owner">owner</cit:CI_RoleCode>
                    </cit:role>
                    <cit:party>
                        <cit:CI_Organisation>
                            <cit:name>
                                <gco:CharacterString>UKHO</gco:CharacterString>
                            </cit:name>
                        </cit:CI_Organisation>
                    </cit:party>
                </cit:CI_Responsibility>
            </XC:producingAgency>

            <XC:encodingFormat>ISO/IEC 8211</XC:encodingFormat>

            <XC:dataCoverage>
                <XC:boundingPolygon>
                    <gex:polygon><gml:Polygon gml:id="p1"><gml:exterior><gml:Ring>
                        <gml:curveMember>
                            <gml:Curve gml:id="c1">
                                <gml:segments>
                                    <gml:LineStringSegment>
                                        <gml:posList srsName="http://www.opengis.net/def/crs/EPSG/0/4326">-30.0 55.0 -22.0 55.0 -22.0 71.0 -30.0 71.0 -30.0 55.0</gml:posList>
                                    </gml:LineStringSegment>
                                </gml:segments>
                            </gml:Curve>
                        </gml:curveMember>
                    </gml:Ring></gml:exterior></gml:Polygon></gex:polygon>
                </XC:boundingPolygon>
                <XC:maximumDisplayScale>12000</XC:maximumDisplayScale>
                <XC:minimumDisplayScale>180000</XC:minimumDisplayScale>
            </XC:dataCoverage>


            <XC:defaultLocale>
                <lan:PT_Locale>
                    <lan:language>
                        <lan:LanguageCode codeList="http://www.iho.int/S100/5.0.0/resources/Codelists/cat/codelists.xml#S100_MD_LanguageCode" codeListValue="eng">English</lan:LanguageCode>
                    </lan:language>
                    <lan:characterEncoding>
                        <lan:MD_CharacterSetCode codeList="http://www.iho.int/S100/5.0.0/resources/Codelists/cat/codelists.xml#S100_MD_CharacterSetCode" codeListValue="UTF-8">UTF-8</lan:MD_CharacterSetCode>
                    </lan:characterEncoding>
                </lan:PT_Locale>
            </XC:defaultLocale>

            <XC:metadataPointOfContact>
                <cit:CI_Responsibility>
                    <cit:role>
                        <cit:CI_RoleCode codeList="http://standards.iso.org/iso/19115/resources/Codelists/cat/codelists.xml#CI_RoleCode" codeListValue="publisher">Publisher</cit:CI_RoleCode>
                    </cit:role>
                    <cit:party>
                        <cit:CI_Organisation>
                            <cit:name>
                                <gco:CharacterString>UKHO</gco:CharacterString>
                            </cit:name>
                        </cit:CI_Organisation>
                    </cit:party>
                </cit:CI_Responsibility>
            </XC:metadataPointOfContact>
            <XC:metadataDateStamp>2018-10-16</XC:metadataDateStamp>

            <XC:resourceMaintenance>
                <mmi:MD_MaintenanceInformation>
                    <mmi:maintenanceAndUpdateFrequency>
                        <mmi:MD_MaintenanceFrequencyCode codeList="http://...." codeListValue="asNeeded">scheduled reissue</mmi:MD_MaintenanceFrequencyCode>
                    </mmi:maintenanceAndUpdateFrequency>
                    <mmi:maintenanceDate>
                        <cit:CI_Date>
                            <cit:date><gco:DateTime>2023-10-06T00:00:00Z</gco:DateTime></cit:date>
                            <cit:dateType><cit:CI_DateTypeCode codeList="http://..." codeListValue="nextUpdate">Next update</cit:CI_DateTypeCode></cit:dateType>
                        </cit:CI_Date>
                    </mmi:maintenanceDate>
                </mmi:MD_MaintenanceInformation>
            </XC:resourceMaintenance>
        </XC:S100_DatasetDiscoveryMetadata>

        <XC:S100_DatasetDiscoveryMetadata>
            <XC:fileName>file:/S-101/DATASET_FILES/101GB0043498505.000</XC:fileName>
            <XC:description><gco:CharacterString>Dataset 2</gco:CharacterString></XC:description>
            <XC:compressionFlag>false</XC:compressionFlag>
            <XC:dataProtection>false</XC:dataProtection>
            
            <XC:digitalSignatureReference>DSA</XC:digitalSignatureReference>
            <XC:digitalSignatureValue id="sig2" certificateRef="ukho">302C021433796C6647CC1C55A67DC72FA7C6E157A6594B2B02145D3768B44F3A6ABA11A77178B738AD3B6A0DE344</XC:digitalSignatureValue>
            <XC:copyright>false</XC:copyright>
            <XC:classification gco:isoType="mco:MD_ClassificationCode"><mco:MD_ClassificationCode codeList="http://standards.iso.org/iso/19115/resources/Codelists/cat/codelists.xml#MD_ClassificationCode" codeListValue="unclassified">unclassified</mco:MD_ClassificationCode></XC:classification>
            <XC:purpose>newDataset</XC:purpose>
            <XC:notForNavigation>true</XC:notForNavigation>
            <XC:specificUsage><mri:MD_Usage>
                <mri:specificUsage><gco:CharacterString>general</gco:CharacterString></mri:specificUsage>
            </mri:MD_Usage></XC:specificUsage>
            <XC:editionNumber>1</XC:editionNumber>
            <XC:updateNumber>0</XC:updateNumber>
            <XC:updateApplicationDate>2018-04-15</XC:updateApplicationDate>
            <XC:issueDate>2018-04-15</XC:issueDate>
            <XC:boundingBox gco:isoType="gmd:EX_GeographicBoundingBox">
                <gex:westBoundLongitude><gco:Decimal>55.0</gco:Decimal></gex:westBoundLongitude>
                <gex:eastBoundLongitude><gco:Decimal>71.0</gco:Decimal></gex:eastBoundLongitude>
                <gex:southBoundLatitude><gco:Decimal>-30.0</gco:Decimal></gex:southBoundLatitude>
                <gex:northBoundLatitude><gco:Decimal>-22.0</gco:Decimal></gex:northBoundLatitude>
            </XC:boundingBox>
            <XC:productSpecification>
                <XC:productIdentifier>S-101</XC:productIdentifier>
                <XC:number>999</XC:number>
                <XC:compliancyCategory>category4</XC:compliancyCategory>
            </XC:productSpecification>
            <XC:producingAgency>
                <cit:CI_Responsibility>
                    <cit:role>
                        <cit:CI_RoleCode codeList="http://standards.iso.org/iso/19115/resources/Codelists/cat/codelists.xml#CI_RoleCode" codeListValue="owner">owner</cit:CI_RoleCode>
                    </cit:role>
                    <cit:party>
                        <cit:CI_Organisation>
                            <cit:name><gco:CharacterString>UKHO</gco:CharacterString></cit:name>
                        </cit:CI_Organisation>
                    </cit:party>
                </cit:CI_Responsibility>
            </XC:producingAgency>


            <XC:encodingFormat>ISO/IEC 8211</XC:encodingFormat>
            <XC:dataCoverage>
                <XC:boundingPolygon>
                    <gex:polygon><gml:Polygon gml:id="p2"><gml:exterior><gml:Ring>
                        <gml:curveMember>
                            <gml:Curve gml:id="c2">
                                <gml:segments>
                                    <gml:LineStringSegment>
                                        <gml:posList srsName="http://www.opengis.net/def/crs/EPSG/0/4326">-30.0 55.0 -22.0 55.0 -22.0 71.0 -30.0 71.0 -30.0 55.0</gml:posList>
                                    </gml:LineStringSegment>
                                </gml:segments>
                            </gml:Curve>
                        </gml:curveMember>
                    </gml:Ring></gml:exterior></gml:Polygon></gex:polygon>
                </XC:boundingPolygon>
                <XC:maximumDisplayScale>12000</XC:maximumDisplayScale>
                <XC:minimumDisplayScale>180000</XC:minimumDisplayScale>
            </XC:dataCoverage>
            
            
            <XC:defaultLocale>
                <lan:PT_Locale>
                    <lan:language>
                        <lan:LanguageCode codeList="http://www.iho.int/S100/5.0.0/resources/Codelists/cat/codelists.xml#S100_MD_LanguageCode" codeListValue="eng">English</lan:LanguageCode>
                    </lan:language>
                    <lan:characterEncoding>
                        <lan:MD_CharacterSetCode codeList="http://www.iho.int/S100/5.0.0/resources/Codelists/cat/codelists.xml#S100_MD_CharacterSetCode" codeListValue="UTF-8">UTF-8</lan:MD_CharacterSetCode>
                    </lan:characterEncoding>
                </lan:PT_Locale>
            </XC:defaultLocale>
            
            <XC:metadataPointOfContact>
                <cit:CI_Responsibility>
                    <cit:role>
                        <cit:CI_RoleCode codeList="http://standards.iso.org/iso/19115/resources/Codelists/cat/codelists.xml#CI_RoleCode" codeListValue="publisher">Publisher</cit:CI_RoleCode>
                    </cit:role>
                    <cit:party>
                        <cit:CI_Organisation>
                            <cit:name> <gco:CharacterString>UKHO</gco:CharacterString> </cit:name>
                        </cit:CI_Organisation>
                    </cit:party>
                </cit:CI_Responsibility>
            </XC:metadataPointOfContact>
            <XC:metadataDateStamp>2018-10-16</XC:metadataDateStamp>
           
            <XC:resourceMaintenance>
                <mmi:MD_MaintenanceInformation>
                    <mmi:userDefinedMaintenanceFrequency>
                        <gco:TM_PeriodDuration>P02Y0M</gco:TM_PeriodDuration>
                    </mmi:userDefinedMaintenanceFrequency>
                </mmi:MD_MaintenanceInformation>
            </XC:resourceMaintenance>
        </XC:S100_DatasetDiscoveryMetadata>
    </XC:datasetDiscoveryMetadata>

    <XC:supportFileDiscoveryMetadata>
        <XC:S100_SupportFileDiscoveryMetadata>
            <XC:fileName>file:/S-101/SUPPORT_FILES/101GB00INFORM1.TXT</XC:fileName>
            <XC:revisionStatus>new</XC:revisionStatus>
            <XC:editionNumber>1</XC:editionNumber>
            <XC:issueDate>2018-05-09</XC:issueDate>
            <XC:supportFileSpecification>
                <XC:name>UTF-8</XC:name>
            </XC:supportFileSpecification>
            <XC:dataType>ASCII</XC:dataType>
            <XC:compressionFlag>false</XC:compressionFlag>
            <XC:digitalSignatureReference>DSA</XC:digitalSignatureReference>
            <XC:digitalSignatureValue id="sig3" certificateRef="ukho">302C021433796C6647CC1C55A67DC72FA7C6E157A6594B2B02145D3768B44F3A6ABA11A77178B738AD3B6A0DE344</XC:digitalSignatureValue>
            <XC:supportedResource>101GB002390820</XC:supportedResource>
            <XC:resourcePurpose>supportFile</XC:resourcePurpose>
        </XC:S100_SupportFileDiscoveryMetadata>

        <XC:S100_SupportFileDiscoveryMetadata>
            <XC:fileName>file:/S-101/SUPPORT_FILES/101GB00INFORM1.TXT</XC:fileName>
            <XC:revisionStatus>replacement</XC:revisionStatus>
            <XC:editionNumber>3</XC:editionNumber>
            <XC:issueDate>2018-05-09</XC:issueDate>
            <XC:supportFileSpecification>
                <XC:name>UTF-8</XC:name>
            </XC:supportFileSpecification>
            <XC:dataType>ASCII</XC:dataType>
            <XC:compressionFlag>false</XC:compressionFlag>
            <XC:digitalSignatureReference>DSA</XC:digitalSignatureReference>
            <XC:digitalSignatureValue id="s4" certificateRef="ukho">302C021433796C6647CC1C55A67DC72FA7C6E157A6594B2B02145D3768B44F3A6ABA11A77178B738AD3B6A0DE344</XC:digitalSignatureValue>
            <XC:supportedResource>101GB002390820</XC:supportedResource>
            <XC:supportedResource>101GB0043498505</XC:supportedResource>
            <XC:resourcePurpose>supportFile</XC:resourcePurpose>
        </XC:S100_SupportFileDiscoveryMetadata>

        <XC:S100_SupportFileDiscoveryMetadata>
            <XC:fileName>file:/S-101/SUPPORT_FILES/101GB00CABLES1.TXT</XC:fileName>
            <XC:revisionStatus>new</XC:revisionStatus>
            <XC:editionNumber>2</XC:editionNumber>
            <XC:issueDate>2018-05-09</XC:issueDate>
            <XC:supportFileSpecification>
                <XC:name>UTF-8</XC:name>
            </XC:supportFileSpecification>
            <XC:dataType>ASCII</XC:dataType>
            <XC:compressionFlag>false</XC:compressionFlag>
            <XC:digitalSignatureReference>DSA</XC:digitalSignatureReference>
            <XC:digitalSignatureValue id="s5" certificateRef="ukho">302C021433796C6647CC1C55A67DC72FA7C6E157A6594B2B02145D3768B44F3A6ABA11A77178B738AD3B6A0DE344</XC:digitalSignatureValue>
            <XC:supportedResource>101GB0043498505</XC:supportedResource>
            <XC:resourcePurpose>supportFile</XC:resourcePurpose>
        </XC:S100_SupportFileDiscoveryMetadata>
    </XC:supportFileDiscoveryMetadata>

    <XC:catalogueDiscoveryMetadata>
        <XC:S100_CatalogueDiscoveryMetadata>
            <XC:fileName>file:/S-101/CATALOGUES/101_1_0_20200101_PC.XML</XC:fileName>
            <XC:purpose>newEdition</XC:purpose>
            <XC:editionNumber>1</XC:editionNumber>
            <XC:scope>portrayalCatalogue</XC:scope>
            <XC:versionNumber>1.0.0-20200101</XC:versionNumber>
            <XC:issueDate>2020-01-01</XC:issueDate>
            <XC:productSpecification>
                <XC:productIdentifier>S-101</XC:productIdentifier>
                <XC:number>999</XC:number>
                <XC:compliancyCategory>category4</XC:compliancyCategory>
            </XC:productSpecification>
            <XC:digitalSignatureReference>DSA</XC:digitalSignatureReference>
            <XC:digitalSignatureValue id="spc1" certificateRef="iho">302C021433796C6647CC1C55A67DC72FA7C6E157A6594B2B02145D3768B44F3A6ABA11A77178B738AD3B6A0DE344</XC:digitalSignatureValue>
            <XC:compressionFlag>false</XC:compressionFlag>
            <XC:defaultLocale><lan:PT_Locale>
                <lan:language><lan:LanguageCode codeList="http://www.iho.int/S100/5.0.0/resources/Codelists/cat/codelists.xml#S100_MD_LanguageCode" codeListValue="eng">English</lan:LanguageCode></lan:language>
                <lan:characterEncoding><lan:MD_CharacterSetCode codeList="http://www.iho.int/S100/5.0.0/resources/Codelists/cat/codelists.xml#S100_MD_CharacterSetCode" codeListValue="UTF-8">UTF-8</lan:MD_CharacterSetCode></lan:characterEncoding>
                </lan:PT_Locale></XC:defaultLocale>
        </XC:S100_CatalogueDiscoveryMetadata>
    </XC:catalogueDiscoveryMetadata>
</XC:S100_ExchangeCatalogue>
