<?xml version="1.0" encoding="UTF-8"?>
<CT_CodelistCatalogue xmlns="http://standards.iso.org/iso/19115/-3/cat/1.0" 
   xmlns:gco="http://standards.iso.org/iso/19115/-3/gco/1.0" xmlns:gml="http://www.opengis.net/gml/3.2" 
   xmlns:xlink="http://www.w3.org/1999/xlink" xmlns:gml32="http://www.opengis.net/gml/3.2" 
   xmlns:cat="http://standards.iso.org/iso/19115/-3/cat/1.0" 
   xmlns:xsi="http://www.w3.org/2001/XMLSchema-instance"
   xsi:schemaLocation="http://standards.iso.org/iso/19115/-3/cat/1.0 https://standards.iso.org/iso/19115/-3/cat/1.0/cat.xsd
   http://standards.iso.org/iso/19115/-3/gco/1.0 http://standards.iso.org/iso/19115/-3/gco/1.0/gco.xsd
   http://www.opengis.net/gml/3.2 http://standards.iso.org/ittf/PubliclyAvailableStandards/ISO_19136_Schemas/gml.xsd
   http://www.w3.org/1999/xlink http://www.w3.org/1999/xlink.xsd">
<!-- 
© Copyright 2018, 2022 (IHO)
Prepared under contract for NOAA (Original)
Updated for S-100 5.0.0 by Raphael 

License (Draft)
Certain parts of this document refer to or are based on the standards, documents, schemas, or other material
of the International Organization for Standardization (ISO), Open Geospatial Consortium (OGC), International
Hydrographic Organization / Organisation Hydrographique Internationale (IHO/OHI).
The ISO material can be obtained from any ISO member and from the Web site of the ISO Central Secretariat
at www.iso.org.
The OGC material can be obtained from the OGC Web site at www.opengeospatial.org.
The IHO material can be obtained from the IHO Web site at www.iho.int or from the International Hydrographic
Bureau.

Permission to copy and distribute this document is hereby granted provided that this notice is retained
on all copies, and that IHO and NOAA are credited when the material is redistributed or used in
part or whole in derivative works.
Redistributions in binary form must reproduce this notice in the documentation and/or other materials
provided with the distribution.

Disclaimer
This work is provided by the copyright holders and contributors "as is" and any express or implied warranties,
including, but not limited to, the implied warranties of merchantability and fitness for a particular purpose
are disclaimed. In no event shall the copyright owner or contributors be liable for any direct, indirect,
incidental, special, exemplary, or consequential damages (including, but not limited to, procurement of substitute
goods or services; loss of use, data, or profits; or business interruption) however caused and on any theory of
liability, whether in contract, strict liability, or tort (including negligence or otherwise) arising in any way
out of the use of this software, even if advised of the possibility of such damage.

Document history:
Version 4.0.0 Build 20180513  Date: 2018-05-13	Prepared by: Raphael Malyankar (Portolan Sciences LLC) for NOAA. This
   is the first version but is given the number 4.0.0 since it was prepared for S-100 edition 4.0.0. There are no
   previous editions or versions of this file.
   Build 20181015 Updated to add codelists for "data coding format" (S-100 Part 10c). Also updated to use the "https"
   schemalocation for the "cat" namespace, to avoid validation issues in some schema editors (see the note in the
   codelists.xml file in the standards.iso.org subtree of this distribution).The codelist for data encoding format
   including experimental numCode scoped names for numeric codes of listed values.
Version 5.0.0 20220331 Updated by Raphael Malyankar for S-100 5.0.0; new DCFs 8,9 added, S-100 edition number removed from
      scoped names of code entries (versioning will be at the individual codelist level, e.g., .../lan/1.0, .../lan/1.1)
      in the identifier/name ScopedName elements.
 -->
   <!--
      This codelist catalog contains the S-100 specific codelists.
      Codes conform to the list maintained by the ISO 639/2 registrar (Library Of Congress) as of 2022-03-31
      20220331: "B" code for Chinese replaced with the "T" code; various codes added
    -->
   <cat:name>
      <gco:CharacterString>S-100 Codelists</gco:CharacterString>
   </cat:name>
   <cat:scope>
      <gco:CharacterString>Codelists for description of metadata elements compliant to S-100.</gco:CharacterString>
   </cat:scope>
   <cat:fieldOfApplication>
      <gco:CharacterString>Codelists used in S-100 metadata</gco:CharacterString>
   </cat:fieldOfApplication>
   <cat:versionNumber>
      <gco:CharacterString>5.0.0</gco:CharacterString>
   </cat:versionNumber>
   <cat:versionDate>
      <gco:Date>2022-03-31</gco:Date>
   </cat:versionDate>
   <cat:codelistItem>
      <cat:CT_Codelist id="S100_MD_LanguageCode">
         <cat:identifier>
            <gco:ScopedName codeSpace="http://www.iho.int/S100/lan/1.0">S100_MD_LanguageCode</gco:ScopedName>
         </cat:identifier>
         <cat:name>
            <gco:ScopedName codeSpace="http://www.iho.int/S100/lan/1.0">S100_MD_LanguageCode</gco:ScopedName>
         </cat:name>
         <cat:definition>
            <gco:CharacterString>Language codes</gco:CharacterString>
         </cat:definition>
         <cat:description>
            <gco:CharacterString>Subset of Alpha-3 language codes according to ISO 639-2. The Registration Authority for the alpha-3 language code elements contained in ISO 639-2 is the Library of Congress (LoC). This file uses the Terminology Codes (639-2/T). The names are as in the register maintained by the Registation Authority as of the date this list was prepared, and are given in the definition tags. Jusslandish (qjs) has been added for use with IHO "Jussland" test data sets.</gco:CharacterString>
         </cat:description>
         <cat:codeEntry>
            <cat:CT_CodelistValue id="S100_MD_LanguageCode_und">
               <cat:identifier>
                  <gco:ScopedName codeSpace="http://www.iho.int/S100/lan/1.0">und</gco:ScopedName>
               </cat:identifier>
               <cat:name>
                  <gco:ScopedName codeSpace="http://www.iho.int/S100/lan/1.0">und</gco:ScopedName>
               </cat:name>
               <cat:definition>
                  <gco:CharacterString>Undetermined</gco:CharacterString>
               </cat:definition>
               <description gco:nilReason="inapplicable"/>
            </cat:CT_CodelistValue>
         </cat:codeEntry>
         <cat:codeEntry>
            <cat:CT_CodelistValue id="S100_MD_LanguageCode_mul">
               <cat:identifier>
                  <gco:ScopedName codeSpace="http://www.iho.int/S100/lan/1.0">mul</gco:ScopedName>
               </cat:identifier>
               <cat:name>
                  <gco:ScopedName codeSpace="http://www.iho.int/S100/lan/1.0">mul</gco:ScopedName>
               </cat:name>
               <cat:definition>
                  <gco:CharacterString>Multiple languages</gco:CharacterString>
               </cat:definition>
               <description gco:nilReason="inapplicable"/>
            </cat:CT_CodelistValue>
         </cat:codeEntry>
         <cat:codeEntry>
            <cat:CT_CodelistValue id="S100_MD_LanguageCode_mis">
               <cat:identifier>
                  <gco:ScopedName codeSpace="http://www.iho.int/S100/lan/1.0">mis</gco:ScopedName>
               </cat:identifier>
               <cat:name>
                  <gco:ScopedName codeSpace="http://www.iho.int/S100/lan/1.0">mis</gco:ScopedName>
               </cat:name>
               <cat:definition>
                  <gco:CharacterString>Uncoded languages</gco:CharacterString>
               </cat:definition>
               <description gco:nilReason="inapplicable"/>
            </cat:CT_CodelistValue>
         </cat:codeEntry>
         <cat:codeEntry>
            <cat:CT_CodelistValue id="S100_MD_LanguageCode_ara">
               <cat:identifier>
                  <gco:ScopedName codeSpace="http://www.iho.int/S100/lan/1.0">ara</gco:ScopedName>
               </cat:identifier>
               <cat:name>
                  <gco:ScopedName codeSpace="http://www.iho.int/S100/lan/1.0">ara</gco:ScopedName>
               </cat:name>
               <cat:definition>
                  <gco:CharacterString>Arabic</gco:CharacterString>
               </cat:definition>
               <description gco:nilReason="inapplicable"/>
            </cat:CT_CodelistValue>
         </cat:codeEntry>
         <cat:codeEntry>
            <cat:CT_CodelistValue id="S100_MD_LanguageCode_aze">
               <cat:identifier>
                  <gco:ScopedName codeSpace="http://www.iho.int/S100/lan/1.0">aze</gco:ScopedName>
               </cat:identifier>
               <cat:name>
                  <gco:ScopedName codeSpace="http://www.iho.int/S100/lan/1.0">aze</gco:ScopedName>
               </cat:name>
               <cat:definition>
                  <gco:CharacterString>Azerbaijani</gco:CharacterString>
               </cat:definition>
               <description gco:nilReason="inapplicable"/>
            </cat:CT_CodelistValue>
         </cat:codeEntry>
         <cat:codeEntry>
            <cat:CT_CodelistValue id="S100_MD_LanguageCode_ben">
               <cat:identifier>
                  <gco:ScopedName codeSpace="http://www.iho.int/S100/lan/1.0">ben</gco:ScopedName>
               </cat:identifier>
               <cat:name>
                  <gco:ScopedName codeSpace="http://www.iho.int/S100/lan/1.0">ben</gco:ScopedName>
               </cat:name>
               <cat:definition>
                  <gco:CharacterString>Bengali</gco:CharacterString>
               </cat:definition>
               <description gco:nilReason="inapplicable"/>
            </cat:CT_CodelistValue>
         </cat:codeEntry>
         <cat:codeEntry>
            <cat:CT_CodelistValue id="S100_MD_LanguageCode_bos">
               <cat:identifier>
                  <gco:ScopedName codeSpace="http://www.iho.int/S100/lan/1.0">bos</gco:ScopedName>
               </cat:identifier>
               <cat:name>
                  <gco:ScopedName codeSpace="http://www.iho.int/S100/lan/1.0">bos</gco:ScopedName>
               </cat:name>
               <cat:definition>
                  <gco:CharacterString>Bosnian</gco:CharacterString>
               </cat:definition>
               <description gco:nilReason="inapplicable"/>
            </cat:CT_CodelistValue>
         </cat:codeEntry>
         <cat:codeEntry>
            <cat:CT_CodelistValue id="S100_MD_LanguageCode_bul">
               <cat:identifier>
                  <gco:ScopedName codeSpace="http://www.iho.int/S100/lan/1.0">bul</gco:ScopedName>
               </cat:identifier>
               <cat:name>
                  <gco:ScopedName codeSpace="http://www.iho.int/S100/lan/1.0">bul</gco:ScopedName>
               </cat:name>
               <cat:definition>
                  <gco:CharacterString>Bulgarian</gco:CharacterString>
               </cat:definition>
               <description gco:nilReason="inapplicable"/>
            </cat:CT_CodelistValue>
         </cat:codeEntry>
         <cat:codeEntry>
            <cat:CT_CodelistValue id="S100_MD_LanguageCode_ces">
               <cat:identifier>
                  <gco:ScopedName codeSpace="http://www.iho.int/S100/lan/1.0">ces</gco:ScopedName>
               </cat:identifier>
               <cat:name>
                  <gco:ScopedName codeSpace="http://www.iho.int/S100/lan/1.0">ces</gco:ScopedName>
               </cat:name>
               <cat:definition>
                  <gco:CharacterString>Czech</gco:CharacterString>
               </cat:definition>
               <description gco:nilReason="inapplicable"/>
            </cat:CT_CodelistValue>
         </cat:codeEntry>
         <!--<cat:codeEntry>
            <cat:CT_CodelistValue id="S100_MD_LanguageCode_chi">
               <cat:identifier>
                  <gco:ScopedName codeSpace="http://www.iho.int/S100/lan/1.0">chi</gco:ScopedName>
               </cat:identifier>
               <cat:name>
                  <gco:ScopedName codeSpace="http://www.iho.int/S100/lan/1.0">chi</gco:ScopedName>
               </cat:name>
               <cat:definition>
                  <gco:CharacterString>Chinese</gco:CharacterString>
               </cat:definition>
               <description><gco:CharacterString>This is the ISO 639/2 B code</gco:CharacterString></description>
            </cat:CT_CodelistValue>
         </cat:codeEntry>-->
         <cat:codeEntry>
            <cat:CT_CodelistValue id="S100_MD_LanguageCode_cmn">
               <cat:identifier>
                  <gco:ScopedName codeSpace="http://www.iho.int/S100/lan/1.0">cmn</gco:ScopedName>
               </cat:identifier>
               <cat:name>
                  <gco:ScopedName codeSpace="http://www.iho.int/S100/lan/1.0">cmn</gco:ScopedName>
               </cat:name>
               <cat:definition>
                  <gco:CharacterString>Chinese</gco:CharacterString>
               </cat:definition>
               <description gco:nilReason="inapplicable"/>
            </cat:CT_CodelistValue>
         </cat:codeEntry>
         <cat:codeEntry>
            <cat:CT_CodelistValue id="S100_MD_LanguageCode_cnr">
               <cat:identifier>
                  <gco:ScopedName codeSpace="http://www.iho.int/S100/lan/1.0">cnr</gco:ScopedName>
               </cat:identifier>
               <cat:name>
                  <gco:ScopedName codeSpace="http://www.iho.int/S100/lan/1.0">cnr</gco:ScopedName>
               </cat:name>
               <cat:definition>
                  <gco:CharacterString>Montenegrin</gco:CharacterString>
               </cat:definition>
               <description gco:nilReason="inapplicable"/>
            </cat:CT_CodelistValue>
         </cat:codeEntry>
         <cat:codeEntry>
            <cat:CT_CodelistValue id="S100_MD_LanguageCode_dan">
               <cat:identifier>
                  <gco:ScopedName codeSpace="http://www.iho.int/S100/lan/1.0">dan</gco:ScopedName>
               </cat:identifier>
               <cat:name>
                  <gco:ScopedName codeSpace="http://www.iho.int/S100/lan/1.0">dan</gco:ScopedName>
               </cat:name>
               <cat:definition>
                  <gco:CharacterString>Danish</gco:CharacterString>
               </cat:definition>
               <description gco:nilReason="inapplicable"/>
            </cat:CT_CodelistValue>
         </cat:codeEntry>
         <cat:codeEntry>
            <cat:CT_CodelistValue id="S100_MD_LanguageCode_deu">
               <cat:identifier>
                  <gco:ScopedName codeSpace="http://www.iho.int/S100/lan/1.0">deu</gco:ScopedName>
               </cat:identifier>
               <cat:name>
                  <gco:ScopedName codeSpace="http://www.iho.int/S100/lan/1.0">deu</gco:ScopedName>
               </cat:name>
               <cat:definition>
                  <gco:CharacterString>German</gco:CharacterString>
               </cat:definition>
               <description gco:nilReason="inapplicable"/>
            </cat:CT_CodelistValue>
         </cat:codeEntry>
         <cat:codeEntry>
            <cat:CT_CodelistValue id="S100_MD_LanguageCode_div">
               <cat:identifier>
                  <gco:ScopedName codeSpace="http://www.iho.int/S100/lan/1.0">div</gco:ScopedName>
               </cat:identifier>
               <cat:name>
                  <gco:ScopedName codeSpace="http://www.iho.int/S100/lan/1.0">div</gco:ScopedName>
               </cat:name>
               <cat:definition>
                  <gco:CharacterString>Divehi; Dhivehi; Maldivian</gco:CharacterString>
               </cat:definition>
               <description gco:nilReason="inapplicable"/>
            </cat:CT_CodelistValue>
         </cat:codeEntry>
         <cat:codeEntry>
            <cat:CT_CodelistValue id="S100_MD_LanguageCode_ell">
               <cat:identifier>
                  <gco:ScopedName codeSpace="http://www.iho.int/S100/lan/1.0">ell</gco:ScopedName>
               </cat:identifier>
               <cat:name>
                  <gco:ScopedName codeSpace="http://www.iho.int/S100/lan/1.0">ell</gco:ScopedName>
               </cat:name>
               <cat:definition>
                  <gco:CharacterString>Modern Greek</gco:CharacterString>
               </cat:definition>
               <description gco:nilReason="inapplicable"/>
            </cat:CT_CodelistValue>
         </cat:codeEntry>
         <cat:codeEntry>
            <cat:CT_CodelistValue id="S100_MD_LanguageCode_eng">
               <cat:identifier>
                  <gco:ScopedName codeSpace="http://www.iho.int/S100/lan/1.0">eng</gco:ScopedName>
               </cat:identifier>
               <cat:name>
                  <gco:ScopedName codeSpace="http://www.iho.int/S100/lan/1.0">eng</gco:ScopedName>
               </cat:name>
               <cat:definition>
                  <gco:CharacterString>English</gco:CharacterString>
               </cat:definition>
               <description gco:nilReason="inapplicable"/>
            </cat:CT_CodelistValue>
         </cat:codeEntry>
         <cat:codeEntry>
            <cat:CT_CodelistValue id="S100_MD_LanguageCode_est">
               <cat:identifier>
                  <gco:ScopedName codeSpace="http://www.iho.int/S100/lan/1.0">est</gco:ScopedName>
               </cat:identifier>
               <cat:name>
                  <gco:ScopedName codeSpace="http://www.iho.int/S100/lan/1.0">est</gco:ScopedName>
               </cat:name>
               <cat:definition>
                  <gco:CharacterString>Estonian</gco:CharacterString>
               </cat:definition>
               <description gco:nilReason="inapplicable"/>
            </cat:CT_CodelistValue>
         </cat:codeEntry>
         <cat:codeEntry>
            <cat:CT_CodelistValue id="S100_MD_LanguageCode_fas">
               <cat:identifier>
                  <gco:ScopedName codeSpace="http://www.iho.int/S100/lan/1.0">fas</gco:ScopedName>
               </cat:identifier>
               <cat:name>
                  <gco:ScopedName codeSpace="http://www.iho.int/S100/lan/1.0">fas</gco:ScopedName>
               </cat:name>
               <cat:definition>
                  <gco:CharacterString>Persian</gco:CharacterString>
               </cat:definition>
               <description gco:nilReason="inapplicable"/>
            </cat:CT_CodelistValue>
         </cat:codeEntry>
         <cat:codeEntry>
            <cat:CT_CodelistValue id="S100_MD_LanguageCode_fij">
               <cat:identifier>
                  <gco:ScopedName codeSpace="http://www.iho.int/S100/lan/1.0">fij</gco:ScopedName>
               </cat:identifier>
               <cat:name>
                  <gco:ScopedName codeSpace="http://www.iho.int/S100/lan/1.0">fij</gco:ScopedName>
               </cat:name>
               <cat:definition>
                  <gco:CharacterString>Fijian</gco:CharacterString>
               </cat:definition>
               <description gco:nilReason="inapplicable"/>
            </cat:CT_CodelistValue>
         </cat:codeEntry>
         <cat:codeEntry>
            <cat:CT_CodelistValue id="S100_MD_LanguageCode_fil">
               <cat:identifier>
                  <gco:ScopedName codeSpace="http://www.iho.int/S100/lan/1.0">fil</gco:ScopedName>
               </cat:identifier>
               <cat:name>
                  <gco:ScopedName codeSpace="http://www.iho.int/S100/lan/1.0">fil</gco:ScopedName>
               </cat:name>
               <cat:definition>
                  <gco:CharacterString>Filipino; Pilipino</gco:CharacterString>
               </cat:definition>
               <description gco:nilReason="inapplicable"/>
            </cat:CT_CodelistValue>
         </cat:codeEntry>
         <cat:codeEntry>
            <cat:CT_CodelistValue id="S100_MD_LanguageCode_fin">
               <cat:identifier>
                  <gco:ScopedName codeSpace="http://www.iho.int/S100/lan/1.0">fin</gco:ScopedName>
               </cat:identifier>
               <cat:name>
                  <gco:ScopedName codeSpace="http://www.iho.int/S100/lan/1.0">fin</gco:ScopedName>
               </cat:name>
               <cat:definition>
                  <gco:CharacterString>Finnish</gco:CharacterString>
               </cat:definition>
               <description gco:nilReason="inapplicable"/>
            </cat:CT_CodelistValue>
         </cat:codeEntry>
         <cat:codeEntry>
            <cat:CT_CodelistValue id="S100_MD_LanguageCode_fra">
               <cat:identifier>
                  <gco:ScopedName codeSpace="http://www.iho.int/S100/lan/1.0">fra</gco:ScopedName>
               </cat:identifier>
               <cat:name>
                  <gco:ScopedName codeSpace="http://www.iho.int/S100/lan/1.0">fra</gco:ScopedName>
               </cat:name>
               <cat:definition>
                  <gco:CharacterString>French</gco:CharacterString>
               </cat:definition>
               <description gco:nilReason="inapplicable"/>
            </cat:CT_CodelistValue>
         </cat:codeEntry>
         <cat:codeEntry>
            <cat:CT_CodelistValue id="S100_MD_LanguageCode_gez">
               <cat:identifier>
                  <gco:ScopedName codeSpace="http://www.iho.int/S100/lan/1.0">gez</gco:ScopedName>
               </cat:identifier>
               <cat:name>
                  <gco:ScopedName codeSpace="http://www.iho.int/S100/lan/1.0">gez</gco:ScopedName>
               </cat:name>
               <cat:definition>
                  <gco:CharacterString>Geez</gco:CharacterString>
               </cat:definition>
               <description gco:nilReason="inapplicable"/>
            </cat:CT_CodelistValue>
         </cat:codeEntry>
         <cat:codeEntry>
            <cat:CT_CodelistValue id="S100_MD_LanguageCode_gla">
               <cat:identifier>
                  <gco:ScopedName codeSpace="http://www.iho.int/S100/lan/1.0">gla</gco:ScopedName>
               </cat:identifier>
               <cat:name>
                  <gco:ScopedName codeSpace="http://www.iho.int/S100/lan/1.0">gla</gco:ScopedName>
               </cat:name>
               <cat:definition>
                  <gco:CharacterString>Gaelic</gco:CharacterString>
               </cat:definition>
               <description gco:nilReason="inapplicable"/>
            </cat:CT_CodelistValue>
         </cat:codeEntry>
         <cat:codeEntry>
            <cat:CT_CodelistValue id="S100_MD_LanguageCode_gle">
               <cat:identifier>
                  <gco:ScopedName codeSpace="http://www.iho.int/S100/lan/1.0">gle</gco:ScopedName>
               </cat:identifier>
               <cat:name>
                  <gco:ScopedName codeSpace="http://www.iho.int/S100/lan/1.0">eng</gco:ScopedName>
               </cat:name>
               <cat:definition>
                  <gco:CharacterString>Irish</gco:CharacterString>
               </cat:definition>
               <description gco:nilReason="inapplicable"/>
            </cat:CT_CodelistValue>
         </cat:codeEntry>
         <cat:codeEntry>
            <cat:CT_CodelistValue id="S100_MD_LanguageCode_gsw">
               <cat:identifier>
                  <gco:ScopedName codeSpace="http://www.iho.int/S100/lan/1.0">gsw</gco:ScopedName>
               </cat:identifier>
               <cat:name>
                  <gco:ScopedName codeSpace="http://www.iho.int/S100/lan/1.0">gsw</gco:ScopedName>
               </cat:name>
               <cat:definition>
                  <gco:CharacterString>Swiss German; Alemannic; Alsatian</gco:CharacterString>
               </cat:definition>
               <description gco:nilReason="inapplicable"/>
            </cat:CT_CodelistValue>
         </cat:codeEntry>
         <cat:codeEntry>
            <cat:CT_CodelistValue id="S100_MD_LanguageCode_hat">
               <cat:identifier>
                  <gco:ScopedName codeSpace="http://www.iho.int/S100/lan/1.0">hat</gco:ScopedName>
               </cat:identifier>
               <cat:name>
                  <gco:ScopedName codeSpace="http://www.iho.int/S100/lan/1.0">hat</gco:ScopedName>
               </cat:name>
               <cat:definition>
                  <gco:CharacterString>Haitian; Haitian Creole</gco:CharacterString>
               </cat:definition>
               <description gco:nilReason="inapplicable"/>
            </cat:CT_CodelistValue>
         </cat:codeEntry>
         <cat:codeEntry>
            <cat:CT_CodelistValue id="S100_MD_LanguageCode_heb">
               <cat:identifier>
                  <gco:ScopedName codeSpace="http://www.iho.int/S100/lan/1.0">heb</gco:ScopedName>
               </cat:identifier>
               <cat:name>
                  <gco:ScopedName codeSpace="http://www.iho.int/S100/lan/1.0">heb</gco:ScopedName>
               </cat:name>
               <cat:definition>
                  <gco:CharacterString>Hebrew</gco:CharacterString>
               </cat:definition>
               <description gco:nilReason="inapplicable"/>
            </cat:CT_CodelistValue>
         </cat:codeEntry>
         <cat:codeEntry>
            <cat:CT_CodelistValue id="S100_MD_LanguageCode_hin">
               <cat:identifier>
                  <gco:ScopedName codeSpace="http://www.iho.int/S100/lan/1.0">hin</gco:ScopedName>
               </cat:identifier>
               <cat:name>
                  <gco:ScopedName codeSpace="http://www.iho.int/S100/lan/1.0">hin</gco:ScopedName>
               </cat:name>
               <cat:definition>
                  <gco:CharacterString>Hindi</gco:CharacterString>
               </cat:definition>
               <description gco:nilReason="inapplicable"/>
            </cat:CT_CodelistValue>
         </cat:codeEntry>
         <cat:codeEntry>
            <cat:CT_CodelistValue id="S100_MD_LanguageCode_hrv">
               <cat:identifier>
                  <gco:ScopedName codeSpace="http://www.iho.int/S100/lan/1.0">hrv</gco:ScopedName>
               </cat:identifier>
               <cat:name>
                  <gco:ScopedName codeSpace="http://www.iho.int/S100/lan/1.0">hrv</gco:ScopedName>
               </cat:name>
               <cat:definition>
                  <gco:CharacterString>Croatian</gco:CharacterString>
               </cat:definition>
               <description gco:nilReason="inapplicable"/>
            </cat:CT_CodelistValue>
         </cat:codeEntry>
         <cat:codeEntry>
            <cat:CT_CodelistValue id="S100_MD_LanguageCode_hun">
               <cat:identifier>
                  <gco:ScopedName codeSpace="http://www.iho.int/S100/lan/1.0">hun</gco:ScopedName>
               </cat:identifier>
               <cat:name>
                  <gco:ScopedName codeSpace="http://www.iho.int/S100/lan/1.0">hun</gco:ScopedName>
               </cat:name>
               <cat:definition>
                  <gco:CharacterString>Hungarian</gco:CharacterString>
               </cat:definition>
               <description gco:nilReason="inapplicable"/>
            </cat:CT_CodelistValue>
         </cat:codeEntry>
         <cat:codeEntry>
            <cat:CT_CodelistValue id="S100_MD_LanguageCode_hye">
               <cat:identifier>
                  <gco:ScopedName codeSpace="http://www.iho.int/S100/lan/1.0">hye</gco:ScopedName>
               </cat:identifier>
               <cat:name>
                  <gco:ScopedName codeSpace="http://www.iho.int/S100/lan/1.0">hye</gco:ScopedName>
               </cat:name>
               <cat:definition>
                  <gco:CharacterString>Armenian</gco:CharacterString>
               </cat:definition>
               <description gco:nilReason="inapplicable"/>
            </cat:CT_CodelistValue>
         </cat:codeEntry>
         <cat:codeEntry>
            <cat:CT_CodelistValue id="S100_MD_LanguageCode_ind">
               <cat:identifier>
                  <gco:ScopedName codeSpace="http://www.iho.int/S100/lan/1.0">ind</gco:ScopedName>
               </cat:identifier>
               <cat:name>
                  <gco:ScopedName codeSpace="http://www.iho.int/S100/lan/1.0">ind</gco:ScopedName>
               </cat:name>
               <cat:definition>
                  <gco:CharacterString>Indonesian</gco:CharacterString>
               </cat:definition>
               <description gco:nilReason="inapplicable"/>
            </cat:CT_CodelistValue>
         </cat:codeEntry>
         <cat:codeEntry>
            <cat:CT_CodelistValue id="S100_MD_LanguageCode_ita">
               <cat:identifier>
                  <gco:ScopedName codeSpace="http://www.iho.int/S100/lan/1.0">ita</gco:ScopedName>
               </cat:identifier>
               <cat:name>
                  <gco:ScopedName codeSpace="http://www.iho.int/S100/lan/1.0">ita</gco:ScopedName>
               </cat:name>
               <cat:definition>
                  <gco:CharacterString>Italian</gco:CharacterString>
               </cat:definition>
               <description gco:nilReason="inapplicable"/>
            </cat:CT_CodelistValue>
         </cat:codeEntry>
         <cat:codeEntry>
            <cat:CT_CodelistValue id="S100_MD_LanguageCode_isl">
               <cat:identifier>
                  <gco:ScopedName codeSpace="http://www.iho.int/S100/lan/1.0">isl</gco:ScopedName>
               </cat:identifier>
               <cat:name>
                  <gco:ScopedName codeSpace="http://www.iho.int/S100/lan/1.0">isl</gco:ScopedName>
               </cat:name>
               <cat:definition>
                  <gco:CharacterString>Icelandic</gco:CharacterString>
               </cat:definition>
               <description gco:nilReason="inapplicable"/>
            </cat:CT_CodelistValue>
         </cat:codeEntry>
         <cat:codeEntry>
            <cat:CT_CodelistValue id="S100_MD_LanguageCode_jpn">
               <cat:identifier>
                  <gco:ScopedName codeSpace="http://www.iho.int/S100/lan/1.0">jpn</gco:ScopedName>
               </cat:identifier>
               <cat:name>
                  <gco:ScopedName codeSpace="http://www.iho.int/S100/lan/1.0">jpn</gco:ScopedName>
               </cat:name>
               <cat:definition>
                  <gco:CharacterString>Japanese</gco:CharacterString>
               </cat:definition>
               <description gco:nilReason="inapplicable"/>
            </cat:CT_CodelistValue>
         </cat:codeEntry>
         <cat:codeEntry>
            <cat:CT_CodelistValue id="S100_MD_LanguageCode_kat">
               <cat:identifier>
                  <gco:ScopedName codeSpace="http://www.iho.int/S100/lan/1.0">kat</gco:ScopedName>
               </cat:identifier>
               <cat:name>
                  <gco:ScopedName codeSpace="http://www.iho.int/S100/lan/1.0">kat</gco:ScopedName>
               </cat:name>
               <cat:definition>
                  <gco:CharacterString>Georgian</gco:CharacterString>
               </cat:definition>
               <description gco:nilReason="inapplicable"/>
            </cat:CT_CodelistValue>
         </cat:codeEntry>
         <cat:codeEntry>
            <cat:CT_CodelistValue id="S100_MD_LanguageCode_khm">
               <cat:identifier>
                  <gco:ScopedName codeSpace="http://www.iho.int/S100/lan/1.0">khm</gco:ScopedName>
               </cat:identifier>
               <cat:name>
                  <gco:ScopedName codeSpace="http://www.iho.int/S100/lan/1.0">khm</gco:ScopedName>
               </cat:name>
               <cat:definition>
                  <gco:CharacterString>Central Khmer</gco:CharacterString>
               </cat:definition>
               <description gco:nilReason="inapplicable"/>
            </cat:CT_CodelistValue>
         </cat:codeEntry>
         <cat:codeEntry>
            <cat:CT_CodelistValue id="S100_MD_LanguageCode_kor">
               <cat:identifier>
                  <gco:ScopedName codeSpace="http://www.iho.int/S100/lan/1.0">kor</gco:ScopedName>
               </cat:identifier>
               <cat:name>
                  <gco:ScopedName codeSpace="http://www.iho.int/S100/lan/1.0">kor</gco:ScopedName>
               </cat:name>
               <cat:definition>
                  <gco:CharacterString>Korean</gco:CharacterString>
               </cat:definition>
               <description gco:nilReason="inapplicable"/>
            </cat:CT_CodelistValue>
         </cat:codeEntry>
         <cat:codeEntry>
            <cat:CT_CodelistValue id="S100_MD_LanguageCode_lav">
               <cat:identifier>
                  <gco:ScopedName codeSpace="http://www.iho.int/S100/lan/1.0">lav</gco:ScopedName>
               </cat:identifier>
               <cat:name>
                  <gco:ScopedName codeSpace="http://www.iho.int/S100/lan/1.0">lav</gco:ScopedName>
               </cat:name>
               <cat:definition>
                  <gco:CharacterString>Latvian</gco:CharacterString>
               </cat:definition>
               <description gco:nilReason="inapplicable"/>
            </cat:CT_CodelistValue>
         </cat:codeEntry>
         <cat:codeEntry>
            <cat:CT_CodelistValue id="S100_MD_LanguageCode_lit">
               <cat:identifier>
                  <gco:ScopedName codeSpace="http://www.iho.int/S100/lan/1.0">lit</gco:ScopedName>
               </cat:identifier>
               <cat:name>
                  <gco:ScopedName codeSpace="http://www.iho.int/S100/lan/1.0">lit</gco:ScopedName>
               </cat:name>
               <cat:definition>
                  <gco:CharacterString>Lithuanian</gco:CharacterString>
               </cat:definition>
               <description gco:nilReason="inapplicable"/>
            </cat:CT_CodelistValue>
         </cat:codeEntry>
         <cat:codeEntry>
            <cat:CT_CodelistValue id="S100_MD_LanguageCode_mah">
               <cat:identifier>
                  <gco:ScopedName codeSpace="http://www.iho.int/S100/lan/1.0">mah</gco:ScopedName>
               </cat:identifier>
               <cat:name>
                  <gco:ScopedName codeSpace="http://www.iho.int/S100/lan/1.0">mah</gco:ScopedName>
               </cat:name>
               <cat:definition>
                  <gco:CharacterString>Marshallese</gco:CharacterString>
               </cat:definition>
               <description gco:nilReason="inapplicable"/>
            </cat:CT_CodelistValue>
         </cat:codeEntry>
         <cat:codeEntry>
            <cat:CT_CodelistValue id="S100_MD_LanguageCode_mkd">
               <cat:identifier>
                  <gco:ScopedName codeSpace="http://www.iho.int/S100/lan/1.0">mkd</gco:ScopedName>
               </cat:identifier>
               <cat:name>
                  <gco:ScopedName codeSpace="http://www.iho.int/S100/lan/1.0">mkd</gco:ScopedName>
               </cat:name>
               <cat:definition>
                  <gco:CharacterString>Macedonian</gco:CharacterString>
               </cat:definition>
               <description gco:nilReason="inapplicable"/>
            </cat:CT_CodelistValue>
         </cat:codeEntry>
         <cat:codeEntry>
            <cat:CT_CodelistValue id="S100_MD_LanguageCode_mlg">
               <cat:identifier>
                  <gco:ScopedName codeSpace="http://www.iho.int/S100/lan/1.0">mlg</gco:ScopedName>
               </cat:identifier>
               <cat:name>
                  <gco:ScopedName codeSpace="http://www.iho.int/S100/lan/1.0">mlg</gco:ScopedName>
               </cat:name>
               <cat:definition>
                  <gco:CharacterString>Malagasy</gco:CharacterString>
               </cat:definition>
               <description gco:nilReason="inapplicable"/>
            </cat:CT_CodelistValue>
         </cat:codeEntry>
         <cat:codeEntry>
            <cat:CT_CodelistValue id="S100_MD_LanguageCode_mlt">
               <cat:identifier>
                  <gco:ScopedName codeSpace="http://www.iho.int/S100/lan/1.0">mlt</gco:ScopedName>
               </cat:identifier>
               <cat:name>
                  <gco:ScopedName codeSpace="http://www.iho.int/S100/lan/1.0">mlt</gco:ScopedName>
               </cat:name>
               <cat:definition>
                  <gco:CharacterString>Maltese</gco:CharacterString>
               </cat:definition>
               <description gco:nilReason="inapplicable"/>
            </cat:CT_CodelistValue>
         </cat:codeEntry>
         <cat:codeEntry>
            <cat:CT_CodelistValue id="S100_MD_LanguageCode_msa">
               <cat:identifier>
                  <gco:ScopedName codeSpace="http://www.iho.int/S100/lan/1.0">msa</gco:ScopedName>
               </cat:identifier>
               <cat:name>
                  <gco:ScopedName codeSpace="http://www.iho.int/S100/lan/1.0">msa</gco:ScopedName>
               </cat:name>
               <cat:definition>
                  <gco:CharacterString>Malay</gco:CharacterString>
               </cat:definition>
               <description gco:nilReason="inapplicable"/>
            </cat:CT_CodelistValue>
         </cat:codeEntry>
         <cat:codeEntry>
            <cat:CT_CodelistValue id="S100_MD_LanguageCode_mya">
               <cat:identifier>
                  <gco:ScopedName codeSpace="http://www.iho.int/S100/lan/1.0">mya</gco:ScopedName>
               </cat:identifier>
               <cat:name>
                  <gco:ScopedName codeSpace="http://www.iho.int/S100/lan/1.0">mya</gco:ScopedName>
               </cat:name>
               <cat:definition>
                  <gco:CharacterString>Burmese</gco:CharacterString>
               </cat:definition>
               <description gco:nilReason="inapplicable"/>
            </cat:CT_CodelistValue>
         </cat:codeEntry>
         <cat:codeEntry>
            <cat:CT_CodelistValue id="S100_MD_LanguageCode_nau">
               <cat:identifier>
                  <gco:ScopedName codeSpace="http://www.iho.int/S100/lan/1.0">nau</gco:ScopedName>
               </cat:identifier>
               <cat:name>
                  <gco:ScopedName codeSpace="http://www.iho.int/S100/lan/1.0">nau</gco:ScopedName>
               </cat:name>
               <cat:definition>
                  <gco:CharacterString>Nauru</gco:CharacterString>
               </cat:definition>
               <description gco:nilReason="inapplicable"/>
            </cat:CT_CodelistValue>
         </cat:codeEntry>
         <cat:codeEntry>
            <cat:CT_CodelistValue id="S100_MD_LanguageCode_nep">
               <cat:identifier>
                  <gco:ScopedName codeSpace="http://www.iho.int/S100/lan/1.0">nep</gco:ScopedName>
               </cat:identifier>
               <cat:name>
                  <gco:ScopedName codeSpace="http://www.iho.int/S100/lan/1.0">nep</gco:ScopedName>
               </cat:name>
               <cat:definition>
                  <gco:CharacterString>Nepali</gco:CharacterString>
               </cat:definition>
               <description gco:nilReason="inapplicable"/>
            </cat:CT_CodelistValue>
         </cat:codeEntry>
         <cat:codeEntry>
            <cat:CT_CodelistValue id="S100_MD_LanguageCode_nld">
               <cat:identifier>
                  <gco:ScopedName codeSpace="http://www.iho.int/S100/lan/1.0">nld</gco:ScopedName>
               </cat:identifier>
               <cat:name>
                  <gco:ScopedName codeSpace="http://www.iho.int/S100/lan/1.0">nld</gco:ScopedName>
               </cat:name>
               <cat:definition>
                  <gco:CharacterString>Dutch; Flemish</gco:CharacterString>
               </cat:definition>
               <description gco:nilReason="inapplicable"/>
            </cat:CT_CodelistValue>
         </cat:codeEntry>
         <cat:codeEntry>
            <cat:CT_CodelistValue id="S100_MD_LanguageCode_nno">
               <cat:identifier>
                  <gco:ScopedName codeSpace="http://www.iho.int/S100/lan/1.0">nno</gco:ScopedName>
               </cat:identifier>
               <cat:name>
                  <gco:ScopedName codeSpace="http://www.iho.int/S100/lan/1.0">nno</gco:ScopedName>
               </cat:name>
               <cat:definition>
                  <gco:CharacterString>Norwegian Nynorsk</gco:CharacterString>
               </cat:definition>
               <description gco:nilReason="inapplicable"/>
            </cat:CT_CodelistValue>
         </cat:codeEntry>
         <cat:codeEntry>
            <cat:CT_CodelistValue id="S100_MD_LanguageCode_nob">
               <cat:identifier>
                  <gco:ScopedName codeSpace="http://www.iho.int/S100/lan/1.0">nob</gco:ScopedName>
               </cat:identifier>
               <cat:name>
                  <gco:ScopedName codeSpace="http://www.iho.int/S100/lan/1.0">nob</gco:ScopedName>
               </cat:name>
               <cat:definition>
                  <gco:CharacterString>Norwegian Bokmål</gco:CharacterString>
               </cat:definition>
               <description gco:nilReason="inapplicable"/>
            </cat:CT_CodelistValue>
         </cat:codeEntry>
         <cat:codeEntry>
            <cat:CT_CodelistValue id="S100_MD_LanguageCode_nor">
               <cat:identifier>
                  <gco:ScopedName codeSpace="http://www.iho.int/S100/lan/1.0">nor</gco:ScopedName>
               </cat:identifier>
               <cat:name>
                  <gco:ScopedName codeSpace="http://www.iho.int/S100/lan/1.0">nor</gco:ScopedName>
               </cat:name>
               <cat:definition>
                  <gco:CharacterString>Norwegian</gco:CharacterString>
               </cat:definition>
               <description gco:nilReason="inapplicable"/>
            </cat:CT_CodelistValue>
         </cat:codeEntry>
         <cat:codeEntry>
            <cat:CT_CodelistValue id="S100_MD_LanguageCode_paa">
               <cat:identifier>
                  <gco:ScopedName codeSpace="http://www.iho.int/S100/lan/1.0">paa</gco:ScopedName>
               </cat:identifier>
               <cat:name>
                  <gco:ScopedName codeSpace="http://www.iho.int/S100/lan/1.0">paa</gco:ScopedName>
               </cat:name>
               <cat:definition>
                  <gco:CharacterString>Papuan languages</gco:CharacterString>
               </cat:definition>
               <description gco:nilReason="inapplicable"/>
            </cat:CT_CodelistValue>
         </cat:codeEntry>
         <cat:codeEntry>
            <cat:CT_CodelistValue id="S100_MD_LanguageCode_pau">
               <cat:identifier>
                  <gco:ScopedName codeSpace="http://www.iho.int/S100/lan/1.0">pau</gco:ScopedName>
               </cat:identifier>
               <cat:name>
                  <gco:ScopedName codeSpace="http://www.iho.int/S100/lan/1.0">pau</gco:ScopedName>
               </cat:name>
               <cat:definition>
                  <gco:CharacterString>Palauan</gco:CharacterString>
               </cat:definition>
               <description gco:nilReason="inapplicable"/>
            </cat:CT_CodelistValue>
         </cat:codeEntry>
         <cat:codeEntry>
            <cat:CT_CodelistValue id="S100_MD_LanguageCode_pol">
               <cat:identifier>
                  <gco:ScopedName codeSpace="http://www.iho.int/S100/lan/1.0">pol</gco:ScopedName>
               </cat:identifier>
               <cat:name>
                  <gco:ScopedName codeSpace="http://www.iho.int/S100/lan/1.0">pol</gco:ScopedName>
               </cat:name>
               <cat:definition>
                  <gco:CharacterString>Polish</gco:CharacterString>
               </cat:definition>
               <description gco:nilReason="inapplicable"/>
            </cat:CT_CodelistValue>
         </cat:codeEntry>
         <cat:codeEntry>
            <cat:CT_CodelistValue id="S100_MD_LanguageCode_por">
               <cat:identifier>
                  <gco:ScopedName codeSpace="http://www.iho.int/S100/lan/1.0">por</gco:ScopedName>
               </cat:identifier>
               <cat:name>
                  <gco:ScopedName codeSpace="http://www.iho.int/S100/lan/1.0">por</gco:ScopedName>
               </cat:name>
               <cat:definition>
                  <gco:CharacterString>Portuguese</gco:CharacterString>
               </cat:definition>
               <description gco:nilReason="inapplicable"/>
            </cat:CT_CodelistValue>
         </cat:codeEntry>
         <cat:codeEntry>
            <cat:CT_CodelistValue id="S100_MD_LanguageCode_qjs">
               <cat:identifier>
                  <gco:ScopedName codeSpace="http://www.iho.int/S100/lan/1.0">qjs</gco:ScopedName>
               </cat:identifier>
               <cat:name>
                  <gco:ScopedName codeSpace="http://www.iho.int/S100/lan/1.0">qjs</gco:ScopedName>
               </cat:name>
               <cat:definition>
                  <gco:CharacterString>Jusslandish</gco:CharacterString>
               </cat:definition>
               <description><gco:CharacterString>Defined for test purposes. In the range reserved for local use in the ISO 639-2 register.</gco:CharacterString></description>
            </cat:CT_CodelistValue>
         </cat:codeEntry>
         <cat:codeEntry>
            <cat:CT_CodelistValue id="S100_MD_LanguageCode_ron">
               <cat:identifier>
                  <gco:ScopedName codeSpace="http://www.iho.int/S100/lan/1.0">ron</gco:ScopedName>
               </cat:identifier>
               <cat:name>
                  <gco:ScopedName codeSpace="http://www.iho.int/S100/lan/1.0">ron</gco:ScopedName>
               </cat:name>
               <cat:definition>
                  <gco:CharacterString>Romanian; Moldavian; Moldovan</gco:CharacterString>
               </cat:definition>
               <description gco:nilReason="inapplicable"/>
            </cat:CT_CodelistValue>
         </cat:codeEntry>
         <cat:codeEntry>
            <cat:CT_CodelistValue id="S100_MD_LanguageCode_rus">
               <cat:identifier>
                  <gco:ScopedName codeSpace="http://www.iho.int/S100/lan/1.0">rus</gco:ScopedName>
               </cat:identifier>
               <cat:name>
                  <gco:ScopedName codeSpace="http://www.iho.int/S100/lan/1.0">rus</gco:ScopedName>
               </cat:name>
               <cat:definition>
                  <gco:CharacterString>Russian</gco:CharacterString>
               </cat:definition>
               <description gco:nilReason="inapplicable"/>
            </cat:CT_CodelistValue>
         </cat:codeEntry>
         <cat:codeEntry>
            <cat:CT_CodelistValue id="S100_MD_LanguageCode_sin">
               <cat:identifier>
                  <gco:ScopedName codeSpace="http://www.iho.int/S100/lan/1.0">sin</gco:ScopedName>
               </cat:identifier>
               <cat:name>
                  <gco:ScopedName codeSpace="http://www.iho.int/S100/lan/1.0">sin</gco:ScopedName>
               </cat:name>
               <cat:definition>
                  <gco:CharacterString>Sinhalese</gco:CharacterString>
               </cat:definition>
               <description gco:nilReason="inapplicable"/>
            </cat:CT_CodelistValue>
         </cat:codeEntry>
         <cat:codeEntry>
            <cat:CT_CodelistValue id="S100_MD_LanguageCode_slk">
               <cat:identifier>
                  <gco:ScopedName codeSpace="http://www.iho.int/S100/lan/1.0">slk</gco:ScopedName>
               </cat:identifier>
               <cat:name>
                  <gco:ScopedName codeSpace="http://www.iho.int/S100/lan/1.0">slk</gco:ScopedName>
               </cat:name>
               <cat:definition>
                  <gco:CharacterString>Slovak</gco:CharacterString>
               </cat:definition>
               <description gco:nilReason="inapplicable"/>
            </cat:CT_CodelistValue>
         </cat:codeEntry>
         <cat:codeEntry>
            <cat:CT_CodelistValue id="S100_MD_LanguageCode_slv">
               <cat:identifier>
                  <gco:ScopedName codeSpace="http://www.iho.int/S100/lan/1.0">slv</gco:ScopedName>
               </cat:identifier>
               <cat:name>
                  <gco:ScopedName codeSpace="http://www.iho.int/S100/lan/1.0">slv</gco:ScopedName>
               </cat:name>
               <cat:definition>
                  <gco:CharacterString>Slovenian</gco:CharacterString>
               </cat:definition>
               <description gco:nilReason="inapplicable"/>
            </cat:CT_CodelistValue>
         </cat:codeEntry>
         <cat:codeEntry>
            <cat:CT_CodelistValue id="S100_MD_LanguageCode_smo">
               <cat:identifier>
                  <gco:ScopedName codeSpace="http://www.iho.int/S100/lan/1.0">smo</gco:ScopedName>
               </cat:identifier>
               <cat:name>
                  <gco:ScopedName codeSpace="http://www.iho.int/S100/lan/1.0">smo</gco:ScopedName>
               </cat:name>
               <cat:definition>
                  <gco:CharacterString>Samoan</gco:CharacterString>
               </cat:definition>
               <description gco:nilReason="inapplicable"/>
            </cat:CT_CodelistValue>
         </cat:codeEntry>
         <cat:codeEntry>
            <cat:CT_CodelistValue id="S100_MD_LanguageCode_som">
               <cat:identifier>
                  <gco:ScopedName codeSpace="http://www.iho.int/S100/lan/1.0">som</gco:ScopedName>
               </cat:identifier>
               <cat:name>
                  <gco:ScopedName codeSpace="http://www.iho.int/S100/lan/1.0">som</gco:ScopedName>
               </cat:name>
               <cat:definition>
                  <gco:CharacterString>Somali</gco:CharacterString>
               </cat:definition>
               <description gco:nilReason="inapplicable"/>
            </cat:CT_CodelistValue>
         </cat:codeEntry>
         <cat:codeEntry>
            <cat:CT_CodelistValue id="S100_MD_LanguageCode_spa">
               <cat:identifier>
                  <gco:ScopedName codeSpace="http://www.iho.int/S100/lan/1.0">spa</gco:ScopedName>
               </cat:identifier>
               <cat:name>
                  <gco:ScopedName codeSpace="http://www.iho.int/S100/lan/1.0">spa</gco:ScopedName>
               </cat:name>
               <cat:definition>
                  <gco:CharacterString>Spanish; Castilian</gco:CharacterString>
               </cat:definition>
               <description gco:nilReason="inapplicable"/>
            </cat:CT_CodelistValue>
         </cat:codeEntry>
         <cat:codeEntry>
            <cat:CT_CodelistValue id="S100_MD_LanguageCode_sqi">
               <cat:identifier>
                  <gco:ScopedName codeSpace="http://www.iho.int/S100/lan/1.0">sqi</gco:ScopedName>
               </cat:identifier>
               <cat:name>
                  <gco:ScopedName codeSpace="http://www.iho.int/S100/lan/1.0">sqi</gco:ScopedName>
               </cat:name>
               <cat:definition>
                  <gco:CharacterString>Albanian</gco:CharacterString>
               </cat:definition>
               <description gco:nilReason="inapplicable"/>
            </cat:CT_CodelistValue>
         </cat:codeEntry>
         <cat:codeEntry>
            <cat:CT_CodelistValue id="S100_MD_LanguageCode_srp">
               <cat:identifier>
                  <gco:ScopedName codeSpace="http://www.iho.int/S100/lan/1.0">srp</gco:ScopedName>
               </cat:identifier>
               <cat:name>
                  <gco:ScopedName codeSpace="http://www.iho.int/S100/lan/1.0">srp</gco:ScopedName>
               </cat:name>
               <cat:definition>
                  <gco:CharacterString>Serbian</gco:CharacterString>
               </cat:definition>
               <description gco:nilReason="inapplicable"/>
            </cat:CT_CodelistValue>
         </cat:codeEntry>
         <cat:codeEntry>
            <cat:CT_CodelistValue id="S100_MD_LanguageCode_swa">
               <cat:identifier>
                  <gco:ScopedName codeSpace="http://www.iho.int/S100/lan/1.0">swa</gco:ScopedName>
               </cat:identifier>
               <cat:name>
                  <gco:ScopedName codeSpace="http://www.iho.int/S100/lan/1.0">swa</gco:ScopedName>
               </cat:name>
               <cat:definition>
                  <gco:CharacterString>Swahili</gco:CharacterString>
               </cat:definition>
               <description gco:nilReason="inapplicable"/>
            </cat:CT_CodelistValue>
         </cat:codeEntry>
         <cat:codeEntry>
            <cat:CT_CodelistValue id="S100_MD_LanguageCode_swe">
               <cat:identifier>
                  <gco:ScopedName codeSpace="http://www.iho.int/S100/lan/1.0">swe</gco:ScopedName>
               </cat:identifier>
               <cat:name>
                  <gco:ScopedName codeSpace="http://www.iho.int/S100/lan/1.0">swe</gco:ScopedName>
               </cat:name>
               <cat:definition>
                  <gco:CharacterString>Swedish</gco:CharacterString>
               </cat:definition>
               <description gco:nilReason="inapplicable"/>
            </cat:CT_CodelistValue>
         </cat:codeEntry>
         <cat:codeEntry>
            <cat:CT_CodelistValue id="S100_MD_LanguageCode_tah">
               <cat:identifier>
                  <gco:ScopedName codeSpace="http://www.iho.int/S100/lan/1.0">tah</gco:ScopedName>
               </cat:identifier>
               <cat:name>
                  <gco:ScopedName codeSpace="http://www.iho.int/S100/lan/1.0">tah</gco:ScopedName>
               </cat:name>
               <cat:definition>
                  <gco:CharacterString>Tahitian</gco:CharacterString>
               </cat:definition>
               <description gco:nilReason="inapplicable"/>
            </cat:CT_CodelistValue>
         </cat:codeEntry>
         <cat:codeEntry>
            <cat:CT_CodelistValue id="S100_MD_LanguageCode_tam">
               <cat:identifier>
                  <gco:ScopedName codeSpace="http://www.iho.int/S100/lan/1.0">tam</gco:ScopedName>
               </cat:identifier>
               <cat:name>
                  <gco:ScopedName codeSpace="http://www.iho.int/S100/lan/1.0">tam</gco:ScopedName>
               </cat:name>
               <cat:definition>
                  <gco:CharacterString>Tamil</gco:CharacterString>
               </cat:definition>
               <description gco:nilReason="inapplicable"/>
            </cat:CT_CodelistValue>
         </cat:codeEntry>
         <cat:codeEntry>
            <cat:CT_CodelistValue id="S100_MD_LanguageCode_tha">
               <cat:identifier>
                  <gco:ScopedName codeSpace="http://www.iho.int/S100/lan/1.0">tha</gco:ScopedName>
               </cat:identifier>
               <cat:name>
                  <gco:ScopedName codeSpace="http://www.iho.int/S100/lan/1.0">tha</gco:ScopedName>
               </cat:name>
               <cat:definition>
                  <gco:CharacterString>Thai</gco:CharacterString>
               </cat:definition>
               <description gco:nilReason="inapplicable"/>
            </cat:CT_CodelistValue>
         </cat:codeEntry>
         <cat:codeEntry>
            <cat:CT_CodelistValue id="S100_MD_LanguageCode_tet">
               <cat:identifier>
                  <gco:ScopedName codeSpace="http://www.iho.int/S100/lan/1.0">tet</gco:ScopedName>
               </cat:identifier>
               <cat:name>
                  <gco:ScopedName codeSpace="http://www.iho.int/S100/lan/1.0">tet</gco:ScopedName>
               </cat:name>
               <cat:definition>
                  <gco:CharacterString>Tetum</gco:CharacterString>
               </cat:definition>
               <description gco:nilReason="inapplicable"/>
            </cat:CT_CodelistValue>
         </cat:codeEntry>
         <cat:codeEntry>
            <cat:CT_CodelistValue id="S100_MD_LanguageCode_tir">
               <cat:identifier>
                  <gco:ScopedName codeSpace="http://www.iho.int/S100/lan/1.0">tir</gco:ScopedName>
               </cat:identifier>
               <cat:name>
                  <gco:ScopedName codeSpace="http://www.iho.int/S100/lan/1.0">tir</gco:ScopedName>
               </cat:name>
               <cat:definition>
                  <gco:CharacterString>Tigrinya</gco:CharacterString>
               </cat:definition>
               <description gco:nilReason="inapplicable"/>
            </cat:CT_CodelistValue>
         </cat:codeEntry>
         <cat:codeEntry>
            <cat:CT_CodelistValue id="S100_MD_LanguageCode_tlh">
               <cat:identifier>
                  <gco:ScopedName codeSpace="http://www.iho.int/S100/lan/1.0">tlh</gco:ScopedName>
               </cat:identifier>
               <cat:name>
                  <gco:ScopedName codeSpace="http://www.iho.int/S100/lan/1.0">tlh</gco:ScopedName>
               </cat:name>
               <cat:definition>
                  <gco:CharacterString>Klingon</gco:CharacterString>
               </cat:definition>
               <description gco:nilReason="inapplicable"/>
            </cat:CT_CodelistValue>
         </cat:codeEntry>
         <cat:codeEntry>
            <cat:CT_CodelistValue id="S100_MD_LanguageCode_tog">
               <cat:identifier>
                  <gco:ScopedName codeSpace="http://www.iho.int/S100/lan/1.0">tog</gco:ScopedName>
               </cat:identifier>
               <cat:name>
                  <gco:ScopedName codeSpace="http://www.iho.int/S100/lan/1.0">tog</gco:ScopedName>
               </cat:name>
               <cat:definition>
                  <gco:CharacterString>Tonga (Nyasa)</gco:CharacterString>
               </cat:definition>
               <description gco:nilReason="inapplicable"/>
            </cat:CT_CodelistValue>
         </cat:codeEntry>
         <cat:codeEntry>
            <cat:CT_CodelistValue id="S100_MD_LanguageCode_ton">
               <cat:identifier>
                  <gco:ScopedName codeSpace="http://www.iho.int/S100/lan/1.0">ton</gco:ScopedName>
               </cat:identifier>
               <cat:name>
                  <gco:ScopedName codeSpace="http://www.iho.int/S100/lan/1.0">ton</gco:ScopedName>
               </cat:name>
               <cat:definition>
                  <gco:CharacterString>Tonga (Tonga Islands)</gco:CharacterString>
               </cat:definition>
               <description gco:nilReason="inapplicable"/>
            </cat:CT_CodelistValue>
         </cat:codeEntry>
         <cat:codeEntry>
            <cat:CT_CodelistValue id="S100_MD_LanguageCode_tur">
               <cat:identifier>
                  <gco:ScopedName codeSpace="http://www.iho.int/S100/lan/1.0">tur</gco:ScopedName>
               </cat:identifier>
               <cat:name>
                  <gco:ScopedName codeSpace="http://www.iho.int/S100/lan/1.0">tur</gco:ScopedName>
               </cat:name>
               <cat:definition>
                  <gco:CharacterString>Turkish</gco:CharacterString>
               </cat:definition>
               <description gco:nilReason="inapplicable"/>
            </cat:CT_CodelistValue>
         </cat:codeEntry>
         <cat:codeEntry>
            <cat:CT_CodelistValue id="S100_MD_LanguageCode_tvl">
               <cat:identifier>
                  <gco:ScopedName codeSpace="http://www.iho.int/S100/lan/1.0">tvl</gco:ScopedName>
               </cat:identifier>
               <cat:name>
                  <gco:ScopedName codeSpace="http://www.iho.int/S100/lan/1.0">tvl</gco:ScopedName>
               </cat:name>
               <cat:definition>
                  <gco:CharacterString>Tuvalu</gco:CharacterString>
               </cat:definition>
               <description gco:nilReason="inapplicable"/>
            </cat:CT_CodelistValue>
         </cat:codeEntry>
         <cat:codeEntry>
            <cat:CT_CodelistValue id="S100_MD_LanguageCode_ukr">
               <cat:identifier>
                  <gco:ScopedName codeSpace="http://www.iho.int/S100/lan/1.0">ukr</gco:ScopedName>
               </cat:identifier>
               <cat:name>
                  <gco:ScopedName codeSpace="http://www.iho.int/S100/lan/1.0">ukr</gco:ScopedName>
               </cat:name>
               <cat:definition>
                  <gco:CharacterString>Ukrainian</gco:CharacterString>
               </cat:definition>
               <description gco:nilReason="inapplicable"/>
            </cat:CT_CodelistValue>
         </cat:codeEntry>
         <cat:codeEntry>
            <cat:CT_CodelistValue id="S100_MD_LanguageCode_urd">
               <cat:identifier>
                  <gco:ScopedName codeSpace="http://www.iho.int/S100/lan/1.0">urd</gco:ScopedName>
               </cat:identifier>
               <cat:name>
                  <gco:ScopedName codeSpace="http://www.iho.int/S100/lan/1.0">urd</gco:ScopedName>
               </cat:name>
               <cat:definition>
                  <gco:CharacterString>Urdu</gco:CharacterString>
               </cat:definition>
               <description gco:nilReason="inapplicable"/>
            </cat:CT_CodelistValue>
         </cat:codeEntry>
         <cat:codeEntry>
            <cat:CT_CodelistValue id="S100_MD_LanguageCode_vie">
               <cat:identifier>
                  <gco:ScopedName codeSpace="http://www.iho.int/S100/lan/1.0">vie</gco:ScopedName>
               </cat:identifier>
               <cat:name>
                  <gco:ScopedName codeSpace="http://www.iho.int/S100/lan/1.0">vie</gco:ScopedName>
               </cat:name>
               <cat:definition>
                  <gco:CharacterString>Vietnamese</gco:CharacterString>
               </cat:definition>
               <description gco:nilReason="inapplicable"/>
            </cat:CT_CodelistValue>
         </cat:codeEntry>
         <cat:codeEntry>
            <cat:CT_CodelistValue id="S100_MD_LanguageCode_zho">
               <cat:identifier>
                  <gco:ScopedName codeSpace="http://www.iho.int/S100/lan/1.0">zho</gco:ScopedName>
               </cat:identifier>
               <cat:name>
                  <gco:ScopedName codeSpace="http://www.iho.int/S100/lan/1.0">zho</gco:ScopedName>
               </cat:name>
               <cat:definition>
                  <gco:CharacterString>Chinese</gco:CharacterString>
               </cat:definition>
               <description><gco:CharacterString>This is the ISO 639-2/T code</gco:CharacterString></description>
            </cat:CT_CodelistValue>
         </cat:codeEntry>
         <cat:codeEntry>
            <cat:CT_CodelistValue id="S100_MD_LanguageCode_zzx">
               <cat:identifier>
                  <gco:ScopedName codeSpace="http://www.iho.int/S100/lan/1.0">zzx</gco:ScopedName>
               </cat:identifier>
               <cat:name>
                  <gco:ScopedName codeSpace="http://www.iho.int/S100/lan/1.0">zzx</gco:ScopedName>
               </cat:name>
               <cat:definition>
                  <gco:CharacterString>No linguistic content; Not applicable</gco:CharacterString>
               </cat:definition>
               <description gco:nilReason="inapplicable"/>
            </cat:CT_CodelistValue>
         </cat:codeEntry>
      </cat:CT_Codelist>
   </cat:codelistItem>

<cat:codelistItem>
      <cat:CT_Codelist id="S100_MD_CharacterSetCode">
         <cat:identifier>
            <gco:ScopedName codeSpace="http://www.iho.int/S100/lan/1.0">S100_MD_CharacterSetCode</gco:ScopedName>
         </cat:identifier>
         <cat:name>
            <gco:ScopedName codeSpace="http://www.iho.int/S100/lan/1.0">S100_MD_CharacterSetCode</gco:ScopedName>
         </cat:name>
         <cat:definition>
            <gco:CharacterString>Character set codes</gco:CharacterString>
         </cat:definition>
         <cat:description>
            <gco:CharacterString>Subset of IANA codes</gco:CharacterString>
         </cat:description>
         <cat:codeEntry>
            <cat:CT_CodelistValue id="S100_MD_CharacterSetCode_UTF-8">
               <cat:identifier>
                  <gco:ScopedName codeSpace="http://www.iho.int/S100/lan/1.0">UTF-8</gco:ScopedName>
               </cat:identifier>
               <cat:name>
                  <gco:ScopedName codeSpace="http://www.iho.int/S100/lan/1.0">UTF-8</gco:ScopedName>
               </cat:name>
               <cat:definition>
                  <gco:CharacterString>UTF-8</gco:CharacterString>
               </cat:definition>
               <description gco:nilReason="inapplicable"/>
            </cat:CT_CodelistValue>
         </cat:codeEntry>
      </cat:CT_Codelist>
   </cat:codelistItem>
  
   <cat:codelistItem>
      <cat:CT_Codelist id="S100_MD_DataCodingFormat">
         <cat:identifier>
            <gco:ScopedName codeSpace="http://www.iho.int/S100/igd/5.0">S100_MD_DataCodingFormat</gco:ScopedName>
         </cat:identifier>
         <cat:name>
            <gco:ScopedName codeSpace="http://www.iho.int/S100/igd/5.0">S100_MD_DataCodingFormat</gco:ScopedName>
         </cat:name>
         <cat:definition>
            <gco:CharacterString>Data encoding format codes</gco:CharacterString>
         </cat:definition>
         <cat:description>
            <gco:CharacterString>Data encoding format codes for coverage and pointset data described in S-100 Parts 8 and 10c.</gco:CharacterString>
         </cat:description>
         <cat:codeEntry>
            <cat:CT_CodelistValue id="S100_MD_DataCodingFormat_fixedStations">
               <cat:identifier>
                  <gco:ScopedName codeSpace="http://www.iho.int/S100/igd/5.0">fixedStations</gco:ScopedName>
               </cat:identifier>
               <cat:name>
                  <gco:ScopedName codeSpace="http://www.iho.int/S100/igd/5.0">fixedStations</gco:ScopedName>
               </cat:name>
               <cat:name><gco:ScopedName codeSpace="http://www.iho.int/S100/igd/5.0/numCode">1</gco:ScopedName></cat:name>
               <cat:definition>
                  <gco:CharacterString>Time series at fixed stations</gco:CharacterString>
               </cat:definition>
               <description><gco:CharacterString>Data at multiple discrete fixed point locations</gco:CharacterString></description>
            </cat:CT_CodelistValue>
         </cat:codeEntry>
         <cat:codeEntry>
            <cat:CT_CodelistValue id="S100_MD_DataCodingFormat_regularGrid">
               <cat:identifier>
                  <gco:ScopedName codeSpace="http://www.iho.int/S100/igd/5.0">regularGrid</gco:ScopedName>
               </cat:identifier>
               <cat:name>
                  <gco:ScopedName codeSpace="http://www.iho.int/S100/igd/5.0">regularGrid</gco:ScopedName>
               </cat:name>
               <cat:name><gco:ScopedName codeSpace="http://www.iho.int/S100/igd/5.0/numCode">2</gco:ScopedName></cat:name>
               <cat:definition>
                  <gco:CharacterString>Regularly-gridded arrays</gco:CharacterString>
               </cat:definition>
               <description><gco:CharacterString>Data at grid points forming a regular grid with constant cell spacing</gco:CharacterString></description>
            </cat:CT_CodelistValue>
         </cat:codeEntry>
         <cat:codeEntry>
            <cat:CT_CodelistValue id="S100_MD_DataCodingFormat_ungeorectifiedGrid">
               <cat:identifier>
                  <gco:ScopedName codeSpace="http://www.iho.int/S100/igd/5.0">ungeorectifiedGrid</gco:ScopedName>
               </cat:identifier>
               <cat:name>
                  <gco:ScopedName codeSpace="http://www.iho.int/S100/igd/5.0">ungeorectifiedGrid</gco:ScopedName>
               </cat:name>
               <cat:name><gco:ScopedName codeSpace="http://www.iho.int/S100/igd/5.0/numCode">3</gco:ScopedName></cat:name>
               <cat:definition>
                  <gco:CharacterString>Ungeorectified gridded arrays</gco:CharacterString>
               </cat:definition>
               <description><gco:CharacterString>Data that does not include any information that can be used to determine a cell’s geographic coordinate values, or in which cell spacing is variable, and there is no predefined association between one cell’s location and that of another</gco:CharacterString></description>
            </cat:CT_CodelistValue>
         </cat:codeEntry>
         <cat:codeEntry>
            <cat:CT_CodelistValue id="S100_MD_DataCodingFormat_movingPlatform">
               <cat:identifier>
                  <gco:ScopedName codeSpace="http://www.iho.int/S100/igd/5.0">movingPlatform</gco:ScopedName>
               </cat:identifier>
               <cat:name>
                  <gco:ScopedName codeSpace="http://www.iho.int/S100/igd/5.0">movingPlatform</gco:ScopedName>
               </cat:name>
               <cat:name><gco:ScopedName codeSpace="http://www.iho.int/S100/igd/5.0/numCode">4</gco:ScopedName></cat:name>
               <cat:definition>
                  <gco:CharacterString>Moving Platform</gco:CharacterString>
               </cat:definition>
               <description><gco:CharacterString>Data at sequential discrete point locations of a moving sensor platform</gco:CharacterString></description>
            </cat:CT_CodelistValue>
         </cat:codeEntry>
         <cat:codeEntry>
            <cat:CT_CodelistValue id="S100_MD_DataCodingFormat_irregularGrid">
               <cat:identifier>
                  <gco:ScopedName codeSpace="http://www.iho.int/S100/igd/5.0">irregularGrid</gco:ScopedName>
               </cat:identifier>
               <cat:name>
                  <gco:ScopedName codeSpace="http://www.iho.int/S100/igd/5.0">irregularGrid</gco:ScopedName>
               </cat:name>
               <cat:name><gco:ScopedName codeSpace="http://www.iho.int/S100/igd/5.0/numCode">5</gco:ScopedName></cat:name>
               <cat:definition>
                  <gco:CharacterString>Irregularly-gridded data;</gco:CharacterString>
               </cat:definition>
               <description><gco:CharacterString>Data distributed over a grid with uniform cell spacing but irregular overall shape</gco:CharacterString></description>
            </cat:CT_CodelistValue>
         </cat:codeEntry>
         <cat:codeEntry>
            <cat:CT_CodelistValue id="S100_MD_DataCodingFormat_variableCellSize">
               <cat:identifier>
                  <gco:ScopedName codeSpace="http://www.iho.int/S100/igd/5.0">variableCellSize</gco:ScopedName>
               </cat:identifier>
               <cat:name>
                  <gco:ScopedName codeSpace="http://www.iho.int/S100/igd/5.0">variableCellSize</gco:ScopedName>
               </cat:name>
               <cat:name><gco:ScopedName codeSpace="http://www.iho.int/S100/igd/5.0/numCode">6</gco:ScopedName></cat:name>
               <cat:definition>
                  <gco:CharacterString>Grids with variable cell sizes</gco:CharacterString>
               </cat:definition>
               <description><gco:CharacterString>Variable-density grid containing one or more regions with cell spacing that is a whole multiple of a common minimum uniform cell spacing</gco:CharacterString></description>
            </cat:CT_CodelistValue>
         </cat:codeEntry>
         <cat:codeEntry>
            <cat:CT_CodelistValue id="S100_MD_DataCodingFormat_TIN">
               <cat:identifier>
                  <gco:ScopedName codeSpace="http://www.iho.int/S100/igd/5.0">TIN</gco:ScopedName>
               </cat:identifier>
               <cat:name>
                  <gco:ScopedName codeSpace="http://www.iho.int/S100/igd/5.0">TIN</gco:ScopedName>
               </cat:name>
               <cat:name><gco:ScopedName codeSpace="http://www.iho.int/S100/igd/5.0/numCode">7</gco:ScopedName></cat:name>
               <cat:definition>
                  <gco:CharacterString>Triangulated irregular network</gco:CharacterString>
               </cat:definition>
               <description><gco:CharacterString>Triangulated irregular network. A TIN is a representation of a continuous surface consisting entirely of triangular facets. The vertices at the corners of each triangle are shared with the adjacent triangle. These vertices form the control points of the coverage function.</gco:CharacterString></description>
            </cat:CT_CodelistValue>
         </cat:codeEntry>
         <cat:codeEntry>
            <cat:CT_CodelistValue id="S100_MD_DataCodingFormat_stationwiseFixed">
               <cat:identifier>
                  <gco:ScopedName codeSpace="http://www.iho.int/S100/igd/5.0">stationwiseFixed</gco:ScopedName>
               </cat:identifier>
               <cat:name>
                  <gco:ScopedName codeSpace="http://www.iho.int/S100/igd/5.0">stationwiseFixed</gco:ScopedName>
               </cat:name>
               <cat:name><gco:ScopedName codeSpace="http://www.iho.int/S100/igd/5.0/numCode">8</gco:ScopedName></cat:name>
               <cat:definition>
                  <gco:CharacterString>Fixed stations (stationwise)</gco:CharacterString>
               </cat:definition>
               <description><gco:CharacterString>Data at multiple discrete fixed point locations organised bt station</gco:CharacterString></description>
            </cat:CT_CodelistValue>
         </cat:codeEntry>
         <cat:codeEntry>
            <cat:CT_CodelistValue id="S100_MD_DataCodingFormat_featureOrientedRegularGrid">
               <cat:identifier>
                  <gco:ScopedName codeSpace="http://www.iho.int/S100/igd/5.0">featureOrientedRegularGrid</gco:ScopedName>
               </cat:identifier>
               <cat:name>
                  <gco:ScopedName codeSpace="http://www.iho.int/S100/igd/5.0">featureOrientedRegularGrid</gco:ScopedName>
               </cat:name>
               <cat:name><gco:ScopedName codeSpace="http://www.iho.int/S100/igd/5.0/numCode">9</gco:ScopedName></cat:name>
               <cat:definition>
                  <gco:CharacterString>Feature oriented regular grid</gco:CharacterString>
               </cat:definition>
               <description><gco:CharacterString>Data at grid points forming a regular grid with constant cell spacing</gco:CharacterString></description>
            </cat:CT_CodelistValue>
         </cat:codeEntry>
      </cat:CT_Codelist>
   </cat:codelistItem>
</CT_CodelistCatalogue>
